-3.21729,5.21143,0,0
-3.08617,6.0894,0,0
-3.03625,5.9998,0,0
-3.02762,6.27023,0,0
-3.01765,5.82635,0,0
-2.99379,5.53842,0,0
-2.97975,6.09302,0,0
-2.97875,5.88533,0,0
-2.97093,6.37608,0,0
-2.96918,6.13784,0,0
-2.95438,5.91225,0,0
-2.95239,6.95758,0,0
-2.94901,5.60499,0,0
-2.94105,5.82329,0,0
-2.9202,5.45242,0,0
-2.90906,6.24412,0,0
-2.90731,6.3123,0,0
-2.88959,6.34311,0,0
-2.87989,6.21844,0,0
-2.87586,5.76387,0,0
-2.86092,6.23462,0,0
-2.85377,6.34486,0,0
-2.8486,6.54557,0,0
-2.84638,5.32935,0,0
-2.83487,5.56561,0,0
-2.82896,6.69666,0,0
-2.81382,5.78898,0,0
-2.80758,5.35141,0,0
-2.7967,6.109,0,0
-2.79076,6.61569,0,0
-2.78109,5.87083,0,0
-2.77767,5.75827,0,0
-2.76374,5.61912,0,0
-2.7627,6.17701,0,0
-2.75863,5.63201,0,0
-2.75484,5.2272,0,0
-2.75071,5.33063,0,0
-2.74198,5.95381,0,0
-2.7355,5.52627,0,0
-2.73547,6.12528,0,0
-2.73151,6.67401,0,0
-2.72748,6.03924,0,0
-2.71365,5.21693,0,0
-2.70908,5.78878,0,0
-2.664,5.801,0,0
-2.65071,6.64859,0,0
-2.64409,6.42744,0,0
-2.63849,6.29286,0,0
-2.621,5.52936,0,0
-2.61996,6.56924,0,0
-2.6115,5.8903,0,0
-2.61133,5.39323,0,0
-2.6026,5.41354,0,0
-2.59401,6.02692,0,0
-2.5833,5.65121,0,0
-2.57159,5.46873,0,0
-2.56702,5.25432,0,0
-2.56692,5.83027,0,0
-2.56004,5.56638,0,0
-2.55994,6.44479,0,0
-2.55718,5.54007,0,0
-2.55618,6.10403,0,0
-2.55111,6.78015,0,0
-2.54453,6.43009,0,0
-2.54171,6.54762,0,0
-2.53949,5.1848,0,0
-2.5352,5.58189,0,0
-2.52825,5.27134,0,0
-2.52502,6.25822,0,0
-2.52412,6.12793,0,0
-2.51613,6.81929,0,0
-2.51519,6.59696,0,0
-2.51197,5.46131,0,0
-2.51096,6.43972,0,0
-2.48733,5.42392,0,0
-2.4833,5.43822,0,0
-2.47074,6.88375,0,0
-2.47064,5.184,0,0
-2.46037,5.79221,0,0
-2.45466,5.55078,0,0
-2.4508,6.47803,0,0
-2.44976,5.59707,0,0
-2.44244,6.3749,0,0
-2.44113,5.39881,0,0
-2.42683,5.5541,0,0
-2.4262,6.12518,0,0
-2.42002,6.46248,0,0
-2.4026,5.75494,0,0
-2.39652,5.91641,0,0
-2.39575,6.44019,0,0
-2.39081,6.43778,0,0
-2.38329,6.69502,0,0
-2.36983,6.95548,0,0
-2.3693,5.66478,0,0
-2.36695,6.34764,0,0
-2.3648,5.86287,0,0
-2.34885,5.69079,0,0
-2.34815,6.28185,0,0
-2.3419,5.20249,0,0
-2.33193,6.95824,0,0
-2.32552,6.88348,0,0
-2.32462,6.05045,0,0
-2.32203,6.20988,0,0
-2.31867,6.44506,0,0
-2.30558,6.37537,0,0
-2.29246,6.24462,0,0
-2.28886,6.79808,0,0
-2.28796,5.15385,0,0
-2.27886,6.9155,0,0
-2.27466,5.85837,0,0
-2.26939,6.84145,0,0
-2.26855,6.73141,0,0
-2.24536,6.62859,0,0
-2.24126,5.59156,0,0
-2.23935,6.57998,0,0
-2.23482,6.15757,0,0
-2.23196,6.84353,0,0
-2.23119,6.04888,0,0
-2.22162,6.22223,0,0
-2.21622,6.75988,0,0
-2.20051,5.85689,0,0
-2.19625,5.33979,0,0
-2.1856,6.05438,0,0
-2.1852,6.81285,0,0
-2.18252,4.94304,0,0
-2.1795,5.51502,0,0
-2.17184,6.01225,0,0
-2.16865,6.90963,0,0
-2.16029,6.06133,0,0
-2.15976,5.6255,0,0
-2.15402,5.80533,0,0
-2.14589,6.6402,0,0
-2.14391,6.05082,0,0
-2.14243,5.96579,0,0
-2.13307,4.94075,0,0
-2.12689,5.60815,0,0
-2.12333,5.02642,0,0
-2.1229,5.15284,0,0
-2.11887,5.23126,0,0
-2.11158,5.47541,0,0
-2.08809,5.68418,0,0
-2.08715,5.40314,0,0
-2.0858,5.14647,0,0
-2.06855,5.44231,0,0
-2.06486,5.57696,0,0
-2.06036,5.00094,0,0
-2.04978,6.23428,0,0
-2.04411,6.58169,0,0
-2.03857,6.11954,0,0
-2.03367,5.63107,0,0
-2.02226,5.67777,0,0
-2.02044,6.45973,0,0
-2.01883,5.28366,0,0
-2.01843,5.21508,0,0
-2.00843,5.61399,0,0
-2.00792,5.35909,0,0
-2.00299,6.86005,0,0
-1.99936,5.6441,0,0
-1.98674,7.0339,0,0
-1.98187,5.78146,0,0
-1.97979,6.47578,0,0
-1.97946,6.45235,0,0
-1.9764,6.43754,0,0
-1.97274,5.95149,0,0
-1.96734,5.0192,0,0
-1.96703,5.35235,0,0
-1.96035,6.98761,0,0
-1.96009,6.17876,0,0
-1.95901,5.01699,0,0
-1.9529,5.73789,0,0
-1.93108,6.00245,0,0
-1.93018,5.27964,0,0
-1.91631,6.14898,0,0
-1.91423,5.35295,0,0
-1.91097,5.82641,0,0
-1.90956,5.36729,0,0
-1.9049,6.74299,0,0
-1.90225,6.97965,0,0
-1.88365,6.24969,0,0
-1.87103,6.31058,0,0
-1.85978,5.81433,0,0
-1.85918,5.06321,0,0
-1.8477,4.99792,0,0
-1.84266,5.2607,0,0
-1.8394,6.56161,0,0
-1.83893,5.42301,0,0
-1.83299,6.43103,0,0
-1.83131,6.53959,0,0
-1.82383,6.25734,0,0
-1.81923,4.98006,0,0
-1.81634,6.61382,0,0
-1.815,6.96431,0,0
-1.80647,5.59972,0,0
-1.806,5.17473,0,0
-1.80422,6.90688,0,0
-1.80201,6.93491,0,0
-1.79623,5.97962,0,0
-1.7955,5.96237,0,0
-1.79227,6.21048,0,0
-1.78858,6.8199,0,0
-1.77791,6.11863,0,0
-1.76931,5.81174,0,0
-1.76522,6.88935,0,0
-1.75706,6.11182,0,0
-1.75464,5.82003,0,0
-1.74457,4.75043,0,0
-1.74121,5.49616,0,0
-1.73742,6.39095,0,0
-1.73366,5.54685,0,0
-1.73218,5.58904,0,0
-1.72084,5.25845,0,0
-1.71879,6.00957,0,0
-1.71245,6.76357,0,0
-1.70996,5.75149,0,0
-1.70046,7.01376,0,0
-1.70029,6.80435,0,0
-1.69156,5.85266,0,0
-1.68911,5.95629,0,0
-1.68757,5.9243,0,0
-1.68653,5.84917,0,0
-1.67914,6.3172,0,0
-1.67643,5.71553,0,0
-1.67099,6.19396,0,0
-1.66954,5.20085,0,0
-1.65575,6.75578,0,0
-1.65393,6.32854,0,0
-1.64591,6.68307,0,0
-1.64517,5.32358,0,0
-1.64192,4.97268,0,0
-1.63658,5.46809,0,0
-1.63534,5.64745,0,0
-1.63406,6.28262,0,0
-1.62701,5.38964,0,0
-1.62634,6.1229,0,0
-1.61949,6.48897,0,0
-1.61718,5.00057,0,0
-1.61429,5.23126,0,0
-1.61127,6.88801,0,0
-1.60603,6.49686,0,0
-1.60247,6.56353,0,0
-1.59509,6.08177,0,0
-1.59398,5.0943,0,0
-1.59149,5.27359,0,0
-1.58596,6.72822,0,0
-1.58492,6.2041,0,0
-1.58173,5.91195,0,0
-1.57548,6.87032,0,0
-1.57518,6.57756,0,0
-1.56551,5.53755,0,0
-1.56007,6.62278,0,0
-1.54376,6.28628,0,0
-1.52875,6.96384,0,0
-1.51469,6.37866,0,0
-1.51452,6.9438,0,0
-1.5112,6.41774,0,0
-1.50891,6.55792,0,0
-1.50482,6.32582,0,0
-1.49706,6.33506,0,0
-1.49575,5.1411,0,0
-1.48511,6.19306,0,0
-1.4825,5.75659,0,0
-1.48139,5.04794,0,0
-1.48068,6.77038,0,0
-1.47853,5.17423,0,0
-1.46071,6.59787,0,0
-1.4548,6.03226,0,0
-1.43721,5.37484,0,0
-1.43315,6.82007,0,0
-1.43026,6.09114,0,0
-1.42449,5.45544,0,0
-1.4219,5.72369,0,0
-1.42086,6.47242,0,0
-1.40804,6.55786,0,0
-1.40606,5.54812,0,0
-1.39179,5.40253,0,0
-1.38625,6.04089,0,0
-1.38461,6.85323,0,0
-1.3839,5.50982,0,0
-1.36893,6.86918,0,0
-1.36678,6.56259,0,0
-1.36138,6.51505,0,0
-1.35987,6.21343,0,0
-1.3502,5.5683,0,0
-1.345,6.66753,0,0
-1.33852,5.49706,0,0
-1.33546,6.07375,0,0
-1.33093,5.95404,0,0
-1.31599,6.30075,0,0
-1.3131,5.95149,0,0
-1.30548,5.41274,0,0
-1.29827,6.78304,0,0
-1.2976,6.38078,0,0
-1.29085,5.97751,0,0
-1.29075,6.36967,0,0
-1.28692,6.75299,0,0
-1.28591,6.64581,0,0
-1.27588,5.37252,0,0
-1.27547,5.64776,0,0
-1.26708,6.64228,0,0
-1.2648,5.41606,0,0
-1.25389,6.09681,0,0
-1.24885,6.78824,0,0
-1.23774,6.72527,0,0
-1.23482,5.4168,0,0
-1.2265,5.72503,0,0
-1.20528,5.87492,0,0
-1.19481,6.39988,0,0
-1.1944,6.06435,0,0
-1.18014,5.75588,0,0
-1.18007,5.50136,0,0
-1.15368,5.37803,0,0
-1.14381,5.58293,0,0
-1.1412,6.32885,0,0
-1.13656,5.89154,0,0
-1.1328,6.48058,0,0
-1.13257,6.52519,0,0
-1.13099,6.34697,0,0
-1.11988,6.32243,0,0
-1.10058,6.14307,0,0
-1.09591,5.49367,0,0
-1.06808,5.96126,0,0
-1.0665,5.78811,0,0
-1.05032,6.47011,0,0
-1.04807,6.45033,0,0
-1.03569,6.33865,0,0
-1.03304,6.33553,0,0
-0.996747,5.62812,0,0
-0.991644,6.21317,0,0
-0.988287,6.25634,0,0
-0.986743,6.21364,0,0
-0.976572,6.22455,0,0
-0.97355,5.71308,0,0
-0.951999,6.01913,0,0
-0.937027,5.8579,0,0
-0.934778,6.08758,0,0
-0.921451,6.09658,0,0
1.93213,7.24056,0,0
1.93639,6.96375,0,0
1.96103,6.88593,0,0
1.96294,7.01219,0,0
1.98312,6.67921,0,0
1.9898,7.08473,0,0
2.00621,6.94347,0,0
2.02199,6.71876,0,0
2.03408,7.01245,0,0
2.04126,6.59724,0,0
2.05727,7.28709,0,0
2.06281,7.11796,0,0
2.06566,7.08929,0,0
2.07006,7.34892,0,0
2.08399,7.45419,0,0
2.09715,6.83477,0,0
2.09873,7.42166,0,0
2.10954,6.41254,0,0
2.14308,7.62426,0,0
2.15345,6.51304,0,0
2.1655,6.81332,0,0
2.16748,6.46877,0,0
2.17295,6.76606,0,0
2.17352,6.42351,0,0
2.17926,7.19353,0,0
2.19014,6.46947,0,0
2.19585,6.59868,0,0
2.19716,7.04277,0,0
2.21394,7.39484,0,0
2.23227,6.95787,0,0
2.2502,7.67679,0,0
2.25127,7.79814,0,0
2.25798,7.02216,0,0
2.26325,7.09238,0,0
2.27064,6.19011,0,0
2.28366,6.33442,0,0
2.2883,7.16127,0,0
2.28991,7.08305,0,0
2.30616,7.61583,0,0
2.30713,7.29672,0,0
2.31522,6.42388,0,0
2.31626,6.56709,0,0
2.32358,7.07479,0,0
2.32673,6.79388,0,0
2.33721,7.79106,0,0
2.34644,7.23042,0,0
2.3644,6.72789,0,0
2.36527,7.19343,0,0
2.3694,7.38857,0,0
2.37138,7.38141,0,0
2.38159,6.89265,0,0
2.38545,6.76068,0,0
2.39659,6.31384,0,0
2.40186,7.17302,0,0
2.43808,6.94995,0,0
2.44731,7.5931,0,0
2.45121,6.93608,0,0
2.4694,6.38998,0,0
2.47518,7.13045,0,0
2.47598,6.43355,0,0
2.48156,6.89889,0,0
2.48327,6.32099,0,0
2.49129,7.91718,0,0
2.4968,7.94629,0,0
2.50082,7.8297,0,0
2.50858,6.12737,0,0
2.51519,6.658,0,0
2.51677,7.58122,0,0
2.52389,7.73718,0,0
2.5262,6.9909,0,0
2.53835,7.9537,0,0
2.54561,7.4507,0,0
2.55829,7.79633,0,0
2.56518,7.40481,0,0
2.57018,7.58723,0,0
2.57038,7.05687,0,0
2.57975,6.00564,0,0
2.58532,7.52932,0,0
2.58985,7.05727,0,0
2.59059,6.66102,0,0
2.59435,6.242,0,0
2.59767,7.11259,0,0
2.60016,7.8345,0,0
2.6061,7.21129,0,0
2.61553,6.27322,0,0
2.62189,7.77191,0,0
2.63665,6.6391,0,0
2.63772,7.24281,0,0
2.64403,7.88878,0,0
2.64729,6.01957,0,0
2.65054,7.42177,0,0
2.6534,7.36517,0,0
2.65434,6.91027,0,0
2.65823,6.25436,0,0
2.66787,7.38799,0,0
2.67602,6.35255,0,0
2.67878,7.62624,0,0
2.67971,6.49572,0,0
2.68159,7.1427,0,0
2.69059,7.6821,0,0
2.69526,7.50398,0,0
2.69838,7.67528,0,0
2.71661,6.19403,0,0
2.72628,6.17906,0,0
2.72886,7.69572,0,0
2.73155,6.68488,0,0
2.73423,6.69976,0,0
2.73494,7.81422,0,0
2.73553,6.22272,0,0
2.75538,7.92802,0,0
2.7588,6.33697,0,0
2.76149,7.75447,0,0
2.7626,6.69996,0,0
2.76307,7.19735,0,0
2.76562,5.96845,0,0
2.76861,6.28917,0,0
2.76978,7.77263,0,0
2.77143,7.93387,0,0
2.77955,7.16096,0,0
2.78079,7.77334,0,0
2.78727,7.88949,0,0
2.78858,7.34375,0,0
2.79472,6.05818,0,0
2.79536,6.11367,0,0
2.80201,7.59774,0,0
2.80443,7.60918,0,0
2.81137,6.05677,0,0
2.81164,6.04203,0,0
2.81382,7.06962,0,0
2.82497,5.98288,0,0
2.83155,7.39232,0,0
2.83447,6.55897,0,0
2.83806,7.7206,0,0
2.83863,8.07539,0,0
2.84263,7.68062,0,0
2.8485,6.48276,0,0
2.8582,7.0236,0,0
2.86005,6.27635,0,0
2.86505,7.15365,0,0
2.87203,7.77649,0,0
2.87717,8.0526,0,0
2.87871,6.16855,0,0
2.88026,7.20071,0,0
2.8813,6.27309,0,0
2.89207,7.13898,0,0
2.89439,6.40334,0,0
2.91191,6.22673,0,0
2.91755,7.45265,0,0
2.92111,8.07885,0,0
2.93014,6.54383,0,0
2.93189,7.67585,0,0
2.93199,7.34533,0,0
2.94179,6.98553,0,0
2.9431,7.25133,0,0
2.94693,6.33261,0,0
2.94706,6.70278,0,0
2.95042,7.65836,0,0
2.95364,7.97049,0,0
2.96489,7.39353,0,0
2.96526,7.541,0,0
2.97106,7.50327,0,0
2.97697,7.78599,0,0
2.98029,7.82114,0,0
2.98607,6.84414,0,0
2.98842,7.13522,0,0
2.98936,7.82225,0,0
2.99997,7.62986,0,0
3.00577,6.22119,0,0
3.01682,6.81231,0,0
3.02054,6.52029,0,0
3.02565,7.12202,0,0
3.02974,8.02011,0,0
3.04247,7.59706,0,0
3.0425,6.12384,0,0
3.04636,7.39682,0,0
3.04851,7.82084,0,0
3.05717,7.65457,0,0
3.06355,6.55212,0,0
3.06858,6.6118,0,0
3.08188,6.67864,0,0
3.09232,7.65172,0,0
3.09497,6.28047,0,0
3.11007,7.42271,0,0
3.11649,6.67945,0,0
3.12155,7.37222,0,0
3.12273,6.76985,0,0
3.12518,6.45598,0,0
3.12783,8.07066,0,0
3.12975,6.34785,0,0
3.12975,7.44718,0,0
3.13737,6.1368,0,0
3.14448,5.99134,0,0
3.15005,7.47742,0,0
3.15462,6.84229,0,0
3.17419,6.71318,0,0
3.18755,5.96244,0,0
3.20024,7.5031,0,0
3.20628,6.50327,0,0
3.21098,6.53728,0,0
3.214,7.35691,0,0
3.22089,7.78203,0,0
3.22179,7.9575,0,0
3.23969,7.01457,0,0
3.24818,6.20954,0,0
3.24902,6.43003,0,0
3.24955,6.43664,0,0
3.25597,7.13441,0,0
3.25936,7.25056,0,0
3.26446,6.71708,0,0
3.27493,7.33573,0,0
3.28551,6.05388,0,0
3.28608,7.27131,0,0
3.29192,7.52462,0,0
3.29232,6.25281,0,0
3.30031,6.31401,0,0
3.30081,7.58135,0,0
3.30437,7.61167,0,0
3.30843,6.16825,0,0
3.31018,7.26733,0,0
3.31475,6.55376,0,0
3.32435,6.20726,0,0
3.32559,7.65672,0,0
3.32596,6.9666,0,0
3.33325,6.00482,0,0
3.3363,6.08517,0,0
3.33734,6.17903,0,0
3.34274,7.75853,0,0
3.34375,7.47256,0,0
3.356,6.05355,0,0
3.35933,7.90298,0,0
3.36094,6.91974,0,0
3.36211,7.0902,0,0
3.36721,7.12306,0,0
3.36752,7.5685,0,0
3.37272,7.44607,0,0
3.38336,7.50938,0,0
3.38514,7.22817,0,0
3.38585,6.47978,0,0
3.39088,6.91322,0,0
3.39115,6.00554,0,0
3.39414,6.50381,0,0
3.39753,7.15788,0,0
3.41062,7.77032,0,0
3.412,6.53124,0,0
3.41747,7.84346,0,0
3.42633,7.09883,0,0
3.42902,7.22592,0,0
3.42992,7.56652,0,0
3.43492,7.18997,0,0
3.44627,7.27856,0,0
3.45157,7.22307,0,0
3.45577,6.35251,0,0
3.46013,7.8825,0,0
3.46191,7.59136,0,0
3.47635,7.94729,0,0
3.48961,6.4541,0,0
3.50324,6.10877,0,0
3.50502,7.53258,0,0
3.51757,6.15724,0,0
3.52398,7.49944,0,0
3.52549,7.44016,0,0
3.52617,7.9108,0,0
3.53278,7.45654,0,0
3.53684,6.82524,0,0
3.54829,7.03021,0,0
3.55634,7.50532,0,0
3.56229,6.46719,0,0
3.57397,7.26093,0,0
3.57618,7.67266,0,0
3.57689,7.57004,0,0
3.59099,6.39357,0,0
3.59314,6.79996,0,0
3.59733,6.13233,0,0
3.59928,6.61781,0,0
3.60103,7.16647,0,0
3.60324,7.22455,0,0
3.61919,7.8065,0,0
3.63339,7.67599,0,0
3.64765,7.14928,0,0
3.64923,7.66994,0,0
3.65443,7.20803,0,0
3.65517,6.68112,0,0
3.6596,6.41019,0,0
3.6632,6.30018,0,0
3.66823,7.0999,0,0
3.66944,6.98604,0,0
3.68629,6.21921,0,0
3.68867,6.40549,0,0
3.69294,6.31337,0,0
3.69317,6.2605,0,0
3.69472,7.81345,0,0
3.70264,7.74155,0,0
3.70543,7.7023,0,0
3.70684,6.21841,0,0
3.71013,7.69129,0,0
3.71211,6.76404,0,0
3.71607,7.14096,0,0
3.71647,7.79875,0,0
3.71838,6.24056,0,0
3.72617,7.05861,0,0
3.73849,7.0799,0,0
3.74054,6.30814,0,0
3.75773,7.67743,0,0
3.7585,6.46054,0,0
3.77314,7.43315,0,0
3.77908,7.17842,0,0
3.78572,6.36812,0,0
3.79794,7.67276,0,0
3.80476,7.50284,0,0
3.82104,6.97895,0,0
3.82651,7.45503,0,0
3.82738,7.10333,0,0
3.84205,6.39861,0,0
3.84625,7.39964,0,0
3.85874,6.31626,0,0
3.86142,6.8536,0,0
3.87324,6.64168,0,0
3.8824,7.5507,0,0
3.89986,7.2462,0,0
3.90103,7.33499,0,0
3.90792,6.39743,0,0
3.91466,6.40441,0,0
3.92591,6.48401,0,0
3.93477,6.93179,0,0
3.94427,6.50079,0,0
3.94481,7.19041,0,0
3.95642,6.65205,0,0
3.97156,6.95438,0,0
3.97593,6.7864,0,0
3.99204,7.22549,0,0
4.00439,6.96851,0,0
4.00517,7.15945,0,0
4.00973,6.9002,0,0
4.02299,6.96126,0,0
4.02846,7.20853,0,0
4.04125,7.11508,0,0
4.09174,6.89446,0,0
5.91151,-1.89479,1,0
5.92236,-0.839661,1,0
5.92981,-2.16909,1,0
5.97872,-2.29541,1,0
5.99292,-2.26617,1,0
6.00548,-2.01141,1,0
6.01659,-1.73349,1,0
6.01837,-1.71268,1,0
6.02115,-2.36413,1,0
6.04435,-2.45742,1,0
6.04643,-1.60284,1,0
6.06026,-2.55191,1,0
6.06553,-1.73977,1,0
6.0808,-1.80889,1,0
6.09702,-1.80936,1,0
6.09997,-2.26698,1,0
6.10064,-1.73688,1,0
6.12498,-1.94427,1,0
6.13012,-1.63557,1,0
6.13405,-1.90319,1,0
6.14257,-2.4272,1,0
6.14788,-1.89285,1,0
6.15392,-1.59133,1,0
6.15986,-2.69717,1,0
6.17953,-1.54111,1,0
6.18745,-2.60566,1,0
6.1946,-1.86942,1,0
6.20078,-1.97449,1,0
6.20246,-2.4128,1,0
6.23015,-2.62046,1,0
6.23338,-2.39917,1,0
6.25422,-2.19396,1,0
6.26134,-1.85834,1,0
6.26312,-2.73027,1,0
6.27141,-1.25208,1,0
6.2799,-2.30034,1,0
6.29092,-1.25993,1,0
6.2979,-2.23002,1,0
6.30391,-1.55047,1,0
6.30817,-1.9189,1,0
6.30911,-1.9817,1,0
6.31334,-1.3174,1,0
6.31371,-1.64712,1,0
6.31643,-2.60787,1,0
6.32257,-2.31495,1,0
6.33996,-2.36829,1,0
6.34026,-2.33871,1,0
6.34379,-1.51328,1,0
6.34533,-2.49068,1,0
6.35147,-2.04273,1,0
6.35258,-2.0801,1,0
6.36067,-1.75303,1,0
6.36262,-1.72957,1,0
6.38185,-2.36027,1,0
6.38279,-1.48961,1,0
6.39203,-1.78895,1,0
6.39394,-1.17228,1,0
6.40069,-2.12058,1,0
6.41012,-1.61509,1,0
6.41442,-1.68532,1,0
6.41895,-1.95515,1,0
6.42499,-1.69022,1,0
6.42502,-1.45749,1,0
6.42875,-1.37353,1,0
6.4352,-1.24892,1,0
6.43637,-2.67179,1,0
6.43798,-2.39555,1,0
6.44594,-1.86633,1,0
6.44748,-1.72158,1,0
6.44997,-2.41592,1,0
6.45201,-2.3269,1,0
6.45621,-1.47639,1,0
6.45856,-1.80046,1,0
6.46104,-2.1521,1,0
6.46621,-1.52261,1,0
6.47843,-1.35805,1,0
6.47894,-1.77509,1,0
6.48723,-2.67239,1,0
6.4881,-1.44238,1,0
6.49166,-2.10071,1,0
6.4923,-1.50264,1,0
6.49592,-2.43033,1,0
6.50012,-2.71644,1,0
6.50677,-1.40609,1,0
6.5072,-1.9094,1,0
6.51395,-2.68982,1,0
6.51549,-2.56947,1,0
6.51888,-1.42778,1,0
6.51939,-1.55353,1,0
6.5347,-2.67186,1,0
6.53557,-1.23952,1,0
6.55111,-2.32368,1,0
6.55537,-1.35983,1,0
6.56346,-2.56695,1,0
6.56719,-1.21575,1,0
6.57152,-1.02595,1,0
6.58028,-2.69358,1,0
6.59119,-2.96911,1,0
6.59364,-1.34352,1,0
6.59922,-2.28739,1,0
6.60274,-2.13384,1,0
6.61556,-1.59838,1,0
6.61684,-2.74047,1,0
6.62198,-2.41136,1,0
6.62876,-2.80503,1,0
6.63456,-2.67568,1,0
6.64007,-1.11739,1,0
6.65524,-2.75158,1,0
6.65917,-2.62107,1,0
6.68257,-2.08218,1,0
6.68519,-1.5829,1,0
6.68599,-1.52251,1,0
6.68804,-1.96022,1,0
6.69052,-1.09084,1,0
6.69556,-2.78992,1,0
6.69979,-2.62157,1,0
6.70399,-2.16063,1,0
6.70771,-1.04035,1,0
6.70978,-2.1684,1,0
6.7156,-2.90399,1,0
6.71795,-2.93501,1,0
6.73739,-1.08292,1,0
6.73873,-2.1475,1,0
6.74017,-2.16476,1,0
6.74165,-0.98671,1,0
6.74847,-2.92131,1,0
6.75175,-1.26493,1,0
6.75451,-1.93182,1,0
6.75978,-1.80553,1,0
6.76394,-2.22743,1,0
6.76538,-2.0235,1,0
6.7672,-2.0563,1,0
6.77378,-1.95156,1,0
6.77445,-1.69133,1,0
6.78952,-1.65877,1,0
6.80852,-1.93464,1,0
6.81013,-1.61859,1,0
6.82312,-2.10078,1,0
6.82588,-1.63154,1,0
6.83229,-1.13186,1,0
6.83437,-2.22881,1,0
6.8434,-2.35167,1,0
6.84427,-2.28668,1,0
6.84981,-2.67924,1,0
6.85518,-1.59556,1,0
6.8572,-2.578,1,0
6.86371,-2.97626,1,0
6.87311,-2.76273,1,0
6.88785,-1.54463,1,0
6.89194,-0.928568,1,0
6.89211,-2.97811,1,0
6.90258,-2.98899,1,0
6.92632,-2.71731,1,0
6.93172,-0.928802,1,0
6.93753,-1.94521,1,0
6.94434,-1.86824,1,0
6.94703,-2.72963,1,0
6.95341,-2.69371,1,0
6.95612,-2.14207,1,0
6.95787,-1.36564,1,0
6.96573,-2.64722,1,0
6.97321,-2.31344,1,0
6.97425,-1.08221,1,0
6.97506,-2.98748,1,0
6.97697,-1.98486,1,0
6.98792,-1.5258,1,0
6.99329,-2.74923,1,0
7.00329,-2.92715,1,0
7.00463,-1.60687,1,0
7.01544,-2.22616,1,0
7.02048,-1.00843,1,0
7.02195,-3.09335,1,0
7.02803,-2.64564,1,0
7.02853,-2.93917,1,0
7.03327,-2.39216,1,0
7.03669,-2.74131,1,0
7.03746,-1.36591,1,0
7.04975,-2.38588,1,0
7.05233,-2.01151,1,0
7.05287,-1.83021,1,0
7.06294,-2.66246,1,0
7.06361,-2.10396,1,0
7.07439,-1.21592,1,0
7.07731,-2.25073,1,0
7.07949,-0.949414,1,0
7.08265,-1.36107,1,0
7.08537,-2.83749,1,0
7.08772,-2.87438,1,0
7.0947,-1.90258,1,0
7.10319,-1.60512,1,0
7.10541,-1.42586,1,0
7.10574,-2.27752,1,0
7.10856,-1.20995,1,0
7.11628,-0.947635,1,0
7.11689,-2.60358,1,0
7.12115,-1.06677,1,0
7.13357,-3.08533,1,0
7.13763,-1.12021,1,0
7.13995,-2.55104,1,0
7.14069,-2.15959,1,0
7.16003,-1.20484,1,0
7.16627,-1.70281,1,0
7.16634,-2.12464,1,0
7.17003,-1.32633,1,0
7.17144,-3.01457,1,0
7.17537,-1.84796,1,0
7.18225,-1.80144,1,0
7.18806,-2.77921,1,0
7.18876,-1.25929,1,0
7.1943,-1.91695,1,0
7.21555,-2.9101,1,0
7.22364,-1.06194,1,0
7.23636,-2.40632,1,0
7.24432,-2.61012,1,0
7.24663,-1.22958,1,0
7.27161,-1.63232,1,0
7.27644,-1.20041,1,0
7.27863,-1.22854,1,0
7.28531,-1.7245,1,0
7.289,-2.27322,1,0
7.29152,-2.1619,1,0
7.29286,-1.96267,1,0
7.30337,-1.02407,1,0
7.31585,-1.43698,1,0
7.31713,-1.50797,1,0
7.31814,-2.37336,1,0
7.32163,-1.5073,1,0
7.3278,-1.25973,1,0
7.33774,-1.5209,1,0
7.34251,-1.57182,1,0
7.36258,-2.38752,1,0
7.36648,-2.48635,1,0
7.38343,-1.80271,1,0
7.39135,-2.86189,1,0
7.39229,-2.03565,1,0
7.3941,-1.00192,1,0
7.40001,-2.96492,1,0
7.40303,-2.36134,1,0
7.41186,-2.83339,1,0
7.41512,-1.54997,1,0
7.41895,-1.12857,1,0
7.42818,-2.75323,1,0
7.44298,-1.83162,1,0
7.44389,-1.78925,1,0
7.44996,-2.90184,1,0
7.46067,-2.76572,1,0
7.46285,-1.61436,1,0
7.4697,-1.83051,1,0
7.47024,-1.99533,1,0
7.47125,-2.72513,1,0
7.47477,-2.19252,1,0
7.47578,-1.19749,1,0
7.47742,-2.82587,1,0
7.48545,-2.13018,1,0
7.49075,-1.48965,1,0
7.49723,-1.03018,1,0
7.5029,-2.68065,1,0
7.51348,-1.61852,1,0
7.52311,-1.22864,1,0
7.52697,-1.77834,1,0
7.52993,-2.21202,1,0
7.5552,-1.678,1,0
7.57205,-2.90305,1,0
7.58075,-1.81993,1,0
7.58283,-1.48129,1,0
7.58347,-2.59864,1,0
7.58589,-2.02635,1,0
7.59589,-1.55742,1,0
7.59656,-2.38209,1,0
7.60559,-2.44251,1,0
7.60868,-2.9049,1,0
7.60901,-1.81896,1,0
7.6119,-2.15915,1,0
7.61267,-2.88297,1,0
7.61945,-1.13804,1,0
7.62056,-1.98734,1,0
7.62859,-1.57511,1,0
7.6299,-2.28007,1,0
7.63627,-1.93229,1,0
7.64752,-2.247,1,0
7.64997,-1.36114,1,0
7.6546,-2.81624,1,0
7.66108,-1.58213,1,0
7.67303,-1.58888,1,0
7.69227,-2.06304,1,0
7.70422,-2.44835,1,0
7.71305,-1.54725,1,0
7.71415,-2.38679,1,0
7.71486,-1.49656,1,0
7.74776,-2.21441,1,0
7.75105,-2.71261,1,0
7.76434,-1.2746,1,0
7.76951,-1.88855,1,0
7.77559,-2.46094,1,0
7.77579,-1.34093,1,0
7.78435,-2.04713,1,0
7.7868,-1.52546,1,0
7.78962,-2.31454,1,0
7.79183,-1.57844,1,0
7.79274,-1.9904,1,0
7.80033,-1.52677,1,0
7.80919,-1.78438,1,0
7.81033,-2.12394,1,0
7.81312,-2.25419,1,0
7.82221,-1.28111,1,0
7.82416,-1.8246,1,0
7.83051,-2.12635,1,0
7.84826,-2.27547,1,0
7.85105,-1.94666,1,0
7.873,-2.47554,1,0
7.88133,-2.07493,1,0
7.88888,-2.00342,1,0
7.89288,-2.63053,1,0
7.89341,-2.61415,1,0
7.90033,-2.47648,1,0
7.90835,-2.16342,1,0
7.91315,-2.26221,1,0
7.91631,-1.87365,1,0
7.92866,-1.78636,1,0
7.93588,-1.63097,1,0
7.9481,-2.03102,1,0
7.95179,-2.44382,1,0
7.95209,-2.37413,1,0
7.98069,-2.17026,1,0
7.9821,-2.14948,1,0
7.98912,-1.77401,1,0
8.01081,-2.08795,1,0
8.03034,-2.32106,1,0
8.0425,-1.74967,1,0
8.04354,-1.97697,1,0
8.05253,-2.28007,1,0
8.06089,-2.09279,1,0
8.06915,-2.15267,1,0
8.09674,-2.07489,1,0
7.00111,5.73359,1,0
7.004,6.13582,1,0
7.01474,6.1939,1,0
7.03064,6.38678,1,0
7.03183,5.66508,1,0
7.03411,5.55994,1,0
7.03599,5.82876,1,0
7.04613,6.52006,1,0
7.04979,5.51875,1,0
7.05878,5.6865,1,0
7.06409,5.96925,1,0
7.0801,6.40082,1,0
7.09,6.57159,1,0
7.10672,6.21501,1,0
7.11327,6.17201,1,0
7.11444,5.72453,1,0
7.12173,5.83843,1,0
7.12629,5.7106,1,0
7.12733,6.23992,1,0
7.1506,6.49414,1,0
7.15442,5.39458,1,0
7.15916,6.62103,1,0
7.17359,5.72728,1,0
7.17503,6.45745,1,0
7.17852,6.24647,1,0
7.1851,5.77277,1,0
7.19494,5.73202,1,0
7.19652,6.52301,1,0
7.19894,5.65158,1,0
7.19971,5.8668,1,0
7.20081,5.49542,1,0
7.21377,6.10356,1,0
7.217,5.71996,1,0
7.22052,6.71405,1,0
7.22368,5.94921,1,0
7.22794,6.22716,1,0
7.22928,5.49122,1,0
7.23324,6.66575,1,0
7.24714,5.59536,1,0
7.2502,5.42899,1,0
7.25946,5.76451,1,0
7.26594,5.59119,1,0
7.26631,5.31415,1,0
7.26755,6.55675,1,0
7.27396,6.31317,1,0
7.28088,5.65991,1,0
7.28863,6.45221,1,0
7.30266,5.80009,1,0
7.32606,5.91839,1,0
7.33137,5.5731,1,0
7.33281,6.10084,1,0
7.34003,6.04686,1,0
7.34375,5.81685,1,0
7.34724,5.82336,1,0
7.34996,5.75991,1,0
7.3554,5.59546,1,0
7.36725,5.73557,1,0
7.3785,5.7292,1,0
7.37853,6.3126,1,0
7.38404,5.48055,1,0
7.3935,5.84357,1,0
7.41223,5.99074,1,0
7.41794,5.65262,1,0
7.42056,5.48944,1,0
7.42731,5.81534,1,0
7.44134,6.71469,1,0
7.47135,6.69458,1,0
7.47373,5.57944,1,0
7.47548,5.07822,1,0
7.47783,5.90685,1,0
7.4876,6.59179,1,0
7.49992,6.64916,1,0
7.51032,6.05244,1,0
7.51741,6.6921,1,0
7.51758,5.10461,1,0
7.52238,5.94142,1,0
7.52664,5.89745,1,0
7.52882,6.83376,1,0
7.53473,6.1615,1,0
7.54376,6.72,1,0
7.54618,6.2945,1,0
7.54628,5.75313,1,0
7.55608,5.00118,1,0
7.5634,6.81963,1,0
7.5639,5.23321,1,0
7.57307,5.33362,1,0
7.59797,5.48075,1,0
7.59979,5.41029,1,0
7.60173,6.285,1,0
7.60381,6.7307,1,0
7.60486,5.22472,1,0
7.61691,6.6068,1,0
7.62339,6.84648,1,0
7.63812,5.86448,1,0
7.65672,5.01736,1,0
7.66357,7.00198,1,0
7.66585,5.3931,1,0
7.66639,5.19524,1,0
7.67287,6.86666,1,0
7.68482,4.96371,1,0
7.68502,5.35453,1,0
7.68529,5.81268,1,0
7.68616,5.32757,1,0
7.68965,5.60949,1,0
7.68995,6.71993,1,0
7.70701,6.45473,1,0
7.70738,6.08235,1,0
7.71647,6.09275,1,0
7.72007,6.58931,1,0
7.72067,5.37074,1,0
7.73809,6.7495,1,0
7.7403,6.638,1,0
7.74635,5.0228,1,0
7.75471,5.7247,1,0
7.75602,5.73977,1,0
7.75938,6.58548,1,0
7.76246,6.95619,1,0
7.76609,6.70224,1,0
7.76619,5.09833,1,0
7.77263,6.35587,1,0
7.77727,6.69186,1,0
7.77841,5.71298,1,0
7.78485,5.62181,1,0
7.80093,6.15334,1,0
7.80684,5.58908,1,0
7.8108,6.76447,1,0
7.81218,6.43043,1,0
7.8157,5.79909,1,0
7.81624,5.82648,1,0
7.82561,5.84783,1,0
7.83561,4.97932,1,0
7.83695,6.47225,1,0
7.84212,7.00137,1,0
7.84397,6.48286,1,0
7.84672,5.74014,1,0
7.85464,6.3458,1,0
7.85837,6.21306,1,0
7.86354,6.59995,1,0
7.87311,6.86444,1,0
7.87888,6.49407,1,0
7.88848,6.44604,1,0
7.90013,6.65239,1,0
7.90191,6.01289,1,0
7.91225,6.38682,1,0
7.91863,6.45194,1,0
7.92118,5.25043,1,0
7.92386,4.97197,1,0
7.92762,5.00554,1,0
7.93283,4.97127,1,0
7.94568,7.05686,1,0
7.95636,6.37332,1,0
7.9617,6.59629,1,0
7.96576,5.43432,1,0
7.96811,5.79429,1,0
7.97264,5.60146,1,0
7.97328,6.58444,1,0
7.97408,5.81349,1,0
7.97828,6.71328,1,0
7.98016,5.17322,1,0
7.98204,5.40619,1,0
7.98543,5.09581,1,0
7.98805,6.81647,1,0
7.9907,6.36906,1,0
7.99399,7.06425,1,0
7.99533,6.81261,1,0
8.00591,6.20957,1,0
8.00648,6.85729,1,0
8.01326,6.26318,1,0
8.03192,6.96931,1,0
8.03535,5.2034,1,0
8.04716,6.46128,1,0
8.05062,6.54335,1,0
8.05593,6.91064,1,0
8.05804,6.51371,1,0
8.06006,6.87263,1,0
8.06126,7.04652,1,0
8.06318,5.4972,1,0
8.06425,6.29424,1,0
8.06737,5.33227,1,0
8.06848,5.70939,1,0
8.07835,5.61446,1,0
8.07845,5.90674,1,0
8.08681,7.09013,1,0
8.08718,7.00866,1,0
8.11007,4.92256,1,0
8.11316,5.45876,1,0
8.1192,5.4735,1,0
8.12317,5.60314,1,0
8.13028,6.22035,1,0
8.1467,6.04596,1,0
8.15183,7.0386,1,0
8.16389,5.2846,1,0
8.16573,5.31149,1,0
8.16939,5.69375,1,0
8.16966,6.84071,1,0
8.17426,5.02229,1,0
8.17459,6.06106,1,0
8.18856,6.60868,1,0
8.20464,5.10336,1,0
8.20699,5.95072,1,0
8.209,6.85538,1,0
8.21864,5.25167,1,0
8.22119,5.51291,1,0
8.23435,7.0141,1,0
8.23572,6.96179,1,0
8.23989,5.09208,1,0
8.24059,5.48038,1,0
8.24183,6.38225,1,0
8.24405,5.14073,1,0
8.24845,6.30498,1,0
8.24955,6.01571,1,0
8.25422,6.63386,1,0
8.25523,6.68774,1,0
8.25721,6.60787,1,0
8.25751,5.90621,1,0
8.26181,6.84229,1,0
8.2654,7.03712,1,0
8.27366,5.72765,1,0
8.2752,5.26429,1,0
8.27648,5.19944,1,0
8.27953,5.7014,1,0
8.28427,5.33832,1,0
8.28809,6.38628,1,0
8.29148,5.9435,1,0
8.29262,6.01924,1,0
8.29504,7.02071,1,0
8.30538,5.31596,1,0
8.31166,5.44842,1,0
8.31327,7.0288,1,0
8.32072,5.02773,1,0
8.32143,7.03481,1,0
8.32354,6.27329,1,0
8.33103,6.06549,1,0
8.341,5.04327,1,0
8.3412,4.96935,1,0
8.35369,6.72006,1,0
8.35678,5.32925,1,0
8.36268,6.66145,1,0
8.36322,5.21632,1,0
8.39618,5.97979,1,0
8.39786,5.63467,1,0
8.40005,5.63809,1,0
8.40629,6.3465,1,0
8.40659,5.39877,1,0
8.40686,5.72648,1,0
8.41119,5.5264,1,0
8.41438,6.34308,1,0
8.41854,5.61906,1,0
8.42126,5.74071,1,0
8.42643,6.48528,1,0
8.43197,5.27638,1,0
8.43865,5.83376,1,0
8.44291,5.67236,1,0
8.45607,6.81224,1,0
8.45765,5.94219,1,0
8.46923,5.60999,1,0
8.48615,5.62379,1,0
8.49417,5.22552,1,0
8.49877,5.58542,1,0
8.50424,5.15858,1,0
8.50777,5.83766,1,0
8.5214,6.42549,1,0
8.52566,5.85716,1,0
8.53228,5.46306,1,0
8.53493,6.53483,1,0
8.5598,5.90872,1,0
8.56292,5.68411,1,0
8.56548,5.84864,1,0
8.56584,5.18564,1,0
8.57313,6.31659,1,0
8.5779,6.62976,1,0
8.58072,5.73786,1,0
8.5931,5.89671,1,0
8.59982,5.13942,1,0
8.60589,5.29437,1,0
8.62217,6.38773,1,0
8.63889,5.50784,1,0
8.6444,6.60764,1,0
8.65524,6.64963,1,0
8.67545,6.337,1,0
8.67625,5.24261,1,0
8.68636,5.35896,1,0
8.69267,5.88976,1,0
8.70412,6.52318,1,0
8.70569,6.20883,1,0
8.71875,5.52053,1,0
8.71979,6.04441,1,0
8.72362,5.91071,1,0
8.72423,6.08453,1,0
8.73198,6.02605,1,0
8.73292,5.29457,1,0
8.73748,6.64883,1,0
8.73943,5.46601,1,0
8.74265,6.2656,1,0
8.74598,6.65309,1,0
8.75793,6.14982,1,0
8.76437,6.58109,1,0
8.77599,5.51123,1,0
8.7782,6.60475,1,0
8.78596,6.37285,1,0
8.78717,5.72846,1,0
8.7877,6.70563,1,0
8.78777,6.14096,1,0
8.79757,6.73732,1,0
8.80701,6.52664,1,0
8.81362,6.10326,1,0
8.81701,6.31938,1,0
8.82889,6.33737,1,0
8.82923,6.24905,1,0
8.8344,5.75948,1,0
8.83705,6.33334,1,0
8.84897,6.01699,1,0
8.84964,6.39561,1,0
8.86327,6.61378,1,0
8.86421,6.63506,1,0
8.86837,5.9473,1,0
8.88569,6.53469,1,0
8.90993,6.32871,1,0
8.91174,6.15831,1,0
8.92437,6.01675,1,0
8.92628,5.8105,1,0
8.93638,5.58676,1,0
8.93971,5.5492,1,0
8.9438,5.6396,1,0
8.94776,5.47266,1,0
8.97633,6.43086,1,0
8.97996,6.05079,1,0
9.0049,6.06006,1,0
9.01279,6.23703,1,0
9.03618,6.02649,1,0
9.03793,6.16177,1,0
9.06304,6.00863,1,0
9.06932,5.749,1,0
-1.08533,2.99748,2,0
-1.06472,3.06351,2,0
-1.05619,3.20655,2,0
-1.05545,2.70217,2,0
-1.00406,3.36497,2,0
-0.969415,2.92326,2,0
-0.960788,2.82567,2,0
-0.953571,2.92541,2,0
-0.929871,2.73275,2,0
-0.926077,2.48783,2,0
-0.907593,2.26685,2,0
-0.90184,3.56507,2,0
-0.894891,3.58058,2,0
-0.887036,2.88033,2,0
-0.8724,3.60995,2,0
-0.869345,2.37303,2,0
-0.865753,2.55094,2,0
-0.847726,3.50354,2,0
-0.836716,3.71385,2,0
-0.836514,3.43905,2,0
-0.825403,2.59646,2,0
-0.823254,2.59284,2,0
-0.816003,3.55608,2,0
-0.799521,2.92145,2,0
-0.781393,3.20561,2,0
-0.778876,2.75679,2,0
-0.767395,2.92588,2,0
-0.761185,3.44768,2,0
-0.75766,3.45382,2,0
-0.755109,3.31908,2,0
-0.749033,3.08174,2,0
-0.748395,2.5774,2,0
-0.738693,3.37416,2,0
-0.730435,3.78891,2,0
-0.714758,3.67934,2,0
-0.710126,2.39535,2,0
-0.709589,3.62845,2,0
-0.707809,2.21481,2,0
-0.689581,2.39582,2,0
-0.689514,3.6122,2,0
-0.683337,3.03595,2,0
-0.6827,2.44097,2,0
-0.680518,3.69499,2,0
-0.677094,3.18295,2,0
-0.670648,2.6392,2,0
-0.667728,3.00463,2,0
-0.663364,2.78069,2,0
-0.651144,3.39686,2,0
-0.64715,2.85908,2,0
-0.646277,2.9716,2,0
-0.634729,2.3172,2,0
-0.633319,3.49323,2,0
-0.626892,3.59131,2,0
-0.62543,2.2087,2,0
-0.619287,2.15758,2,0
-0.608579,3.71697,2,0
-0.599481,3.26694,2,0
-0.596729,2.80892,2,0
-0.596259,3.48276,2,0
-0.588806,3.76521,2,0
-0.575278,2.83105,2,0
-0.565744,3.38464,2,0
-0.563898,3.45795,2,0
-0.562622,3.19309,2,0
-0.55386,3.61012,2,0
-0.552853,2.18708,2,0
-0.551846,2.07882,2,0
-0.548489,2.9142,2,0
-0.546509,3.78737,2,0
-0.544629,3.34657,2,0
-0.535968,2.34436,2,0
-0.530798,3.19054,2,0
-0.514886,3.58216,2,0
-0.512772,3.72268,2,0
-0.505386,2.53718,2,0
-0.504614,3.67357,2,0
-0.504211,3.20242,2,0
-0.498639,2.1852,2,0
-0.488132,2.99245,2,0
-0.48689,2.56541,2,0
-0.483331,3.12622,2,0
-0.47645,3.77562,2,0
-0.47316,3.2744,2,0
-0.469165,3.62157,2,0
-0.46282,2.75699,2,0
-0.461981,3.28568,2,0
-0.45463,3.24751,2,0
-0.452011,3.53765,2,0
-0.446237,2.19101,2,0
-0.444861,3.21696,2,0
-0.441202,3.58333,2,0
-0.439792,2.81168,2,0
-0.436401,3.40995,2,0
-0.434287,3.17369,2,0
-0.429553,2.65383,2,0
-0.423914,2.78754,2,0
-0.419751,2.16147,2,0
-0.419247,3.36114,2,0
-0.413104,3.35701,2,0
-0.407431,2.91953,2,0
-0.401456,2.45446,2,0
-0.401154,3.77585,2,0
-0.378058,2.64014,2,0
-0.371143,2.13875,2,0
-0.364059,2.64732,2,0
-0.363455,3.08574,2,0
-0.363086,2.61754,2,0
-0.351404,3.7677,2,0
-0.343683,3.58985,2,0
-0.339252,3.64691,2,0
-0.323105,2.28769,2,0
-0.301788,1.99856,2,0
-0.298431,3.56118,2,0
-0.297794,2.52949,2,0
-0.292255,3.42046,2,0
-0.290442,2.99762,2,0
-0.286078,3.24449,2,0
-0.28158,3.89328,2,0
-0.279095,3.34744,2,0
-0.27641,2.0518,2,0
-0.264493,4.04179,2,0
-0.263385,3.90782,2,0
-0.260028,2.64625,2,0
-0.25986,3.37749,2,0
-0.25647,2.59425,2,0
-0.249051,1.98282,2,0
-0.233844,2.47696,2,0
-0.229614,3.42197,2,0
-0.223102,3.70123,2,0
-0.223068,1.98705,2,0
-0.216824,3.69297,2,0
-0.213702,2.69445,2,0
-0.211017,2.88174,2,0
-0.209171,2.0096,2,0
-0.206116,3.83306,2,0
-0.199268,3.73406,2,0
-0.195004,2.03367,2,0
-0.191177,3.41972,2,0
-0.182483,2.20545,2,0
-0.180771,3.95344,2,0
-0.17597,3.82641,2,0
-0.167276,2.28282,2,0
-0.159622,2.61795,2,0
-0.15838,2.45859,2,0
-0.146497,2.09235,2,0
-0.138306,2.95569,2,0
-0.123871,2.05298,2,0
-0.121152,3.46742,2,0
-0.114572,2.88405,2,0
-0.112793,2.97479,2,0
-0.0918793,2.68747,2,0
-0.0733826,3.54033,2,0
-0.0655945,2.96878,2,0
-0.05784,3.09641,2,0
-0.0538452,3.3558,2,0
-0.0519989,3.46238,2,0
-0.0473663,2.46155,2,0
-0.0434052,2.03011,2,0
-0.0403168,2.88828,2,0
-0.0354492,2.56944,2,0
-0.0330658,2.28004,2,0
-0.0299774,2.29917,2,0
-0.0240356,4.02286,2,0
-0.0236328,3.49649,2,0
-0.0224579,4.03645,2,0
-0.0220215,3.99906,2,0
-0.0208466,2.3929,2,0
-0.0177917,2.52462,2,0
-0.015509,2.17846,2,0
-0.0146027,2.43963,2,0
0.00140991,2.04942,2,0
0.0162476,3.09879,2,0
0.0168518,2.09605,2,0
0.0169861,2.82685,2,0
0.0207123,2.62365,2,0
0.0227936,3.69609,2,0
0.0281647,3.86804,2,0
0.0315552,3.93319,2,0
0.0370941,3.05697,2,0
0.040921,3.8154,2,0
0.0471649,2.99822,2,0
0.047702,3.76914,2,0
0.0576386,3.29178,2,0
0.0587799,4.02041,2,0
0.061264,2.37165,2,0
0.0703949,2.60267,2,0
0.0799622,3.94243,2,0
0.083252,2.62275,2,0
0.0988281,1.98423,2,0
0.110544,2.28427,2,0
0.116821,2.59472,2,0
0.12377,3.44214,2,0
0.127194,2.98788,2,0
0.132364,3.60066,2,0
0.144046,4.06217,2,0
0.145792,3.32153,2,0
0.151331,3.76901,2,0
0.151398,2.13347,2,0
0.161066,2.85894,2,0
0.164893,3.06429,2,0
0.169827,3.93034,2,0
0.175366,2.35906,2,0
0.184229,3.38672,2,0
0.184833,3.22716,2,0
0.187619,3.18507,2,0
0.191916,3.86763,2,0
0.193594,2.4828,2,0
0.193661,3.79475,2,0
0.195374,3.498,2,0
0.196884,3.86226,2,0
0.205646,3.26161,2,0
0.207727,1.9853,2,0
0.211365,3.67163,2,0
0.216891,2.42962,2,0
0.222766,2.74192,2,0
0.225452,3.85024,2,0
0.229749,4.01275,2,0
0.235355,2.3651,2,0
0.247003,2.29256,2,0
0.253113,2.36796,2,0
0.254858,4.06069,2,0
0.257544,3.8673,2,0
0.267011,3.14217,2,0
0.270972,3.60186,2,0
0.277014,3.50841,2,0
0.27829,3.66004,2,0
0.288092,2.65753,2,0
0.289133,2.16147,2,0
0.298465,3.8481,2,0
0.299338,3.94968,2,0
0.311188,3.25016,2,0
0.319412,2.20971,2,0
0.321527,3.97203,2,0
0.325421,2.8627,2,0
0.333478,4.04407,2,0
0.348886,1.97452,2,0
0.34996,3.88136,2,0
0.350565,4.04065,2,0
0.35184,4.02769,2,0
0.364026,2.23539,2,0
0.36745,3.64127,2,0
0.367618,2.22451,2,0
0.368726,2.6489,2,0
0.374399,3.53536,2,0
0.383832,3.50837,2,0
0.393265,2.32012,2,0
0.397092,2.58213,2,0
0.397226,3.93188,2,0
0.398669,2.15986,2,0
0.399777,3.49944,2,0
0.408102,2.952,2,0
0.410855,2.12028,2,0
0.411514,1.44297,2,0
0.412735,2.1464,2,0
0.420041,1.60339,2,0
0.421262,2.95703,2,0
0.422772,3.26832,2,0
0.423846,3.61647,2,0
0.434174,1.65623,2,0
0.434644,1.53384,2,0
0.437643,2.83222,2,0
0.440585,1.32816,2,0
0.453488,2.17564,2,0
0.458121,3.52429,2,0
0.463022,3.96109,2,0
0.467184,3.13448,2,0
0.472052,3.34999,2,0
0.474838,3.20111,2,0
0.476651,3.42546,2,0
0.478766,2.28131,2,0
0.489777,2.65474,2,0
0.492227,3.39514,2,0
0.498672,2.29303,2,0
0.50015,2.24422,2,0
0.512201,2.86045,2,0
0.518344,2.93991,2,0
0.519641,1.68604,2,0
0.522977,3.3029,2,0
0.527441,3.93645,2,0
0.543588,3.43415,2,0
0.549396,2.59606,2,0
0.554532,2.71144,2,0
0.56026,1.22856,2,0
0.564771,3.60186,2,0
0.571533,4.21466,2,0
0.574271,3.57978,2,0
0.583792,1.99206,2,0
0.583893,2.01398,2,0
0.589734,1.09861,2,0
0.591324,3.42083,2,0
0.596729,3.86683,2,0
0.598843,3.67753,2,0
0.602121,1.50242,2,0
0.603409,3.00087,2,0
0.606195,3.28269,2,0
0.607874,2.56605,2,0
0.612473,3.68434,2,0
0.612943,3.19897,2,0
0.615494,3.17422,2,0
0.615683,1.23369,2,0
0.622464,1.40231,2,0
0.623886,3.19208,2,0
0.626862,2.1404,2,0
0.627142,3.43583,2,0
0.632165,1.87635,2,0
0.632635,1.22873,2,0
0.63324,1.32168,2,0
0.640424,1.85852,2,0
0.644116,0.906125,2,0
0.645493,1.24675,2,0
0.653528,3.39269,2,0
0.657993,3.56531,2,0
0.659155,1.01106,2,0
0.661148,3.2658,2,0
0.664392,1.50725,2,0
0.665143,3.54013,2,0
0.674463,1.28472,2,0
0.675516,2.95156,2,0
0.686548,1.30647,2,0
0.687534,2.60677,2,0
0.696262,2.65763,2,0
0.696954,0.830258,2,0
0.705325,3.36846,2,0
0.706857,1.18361,2,0
0.716571,2.97227,2,0
0.719479,1.14,2,0
0.722165,2.12422,2,0
0.725232,2.84931,2,0
0.730927,1.73465,2,0
0.733154,2.97204,2,0
0.736041,3.19826,2,0
0.74902,1.09764,2,0
0.75701,2.01871,2,0
0.759674,2.31942,2,0
0.763367,2.24368,2,0
0.763824,1.31846,2,0
0.770639,1.03856,2,0
0.773828,0.857449,2,0
0.775183,2.42321,2,0
0.778104,2.89664,2,0
0.783072,3.57313,2,0
0.784537,1.48785,2,0
0.788309,2.26933,2,0
0.788867,1.79702,2,0
0.792728,1.75422,2,0
0.794955,3.73752,2,0
0.80159,1.40621,2,0
0.801758,2.34659,2,0
0.802396,1.37438,2,0
0.803101,0.927139,2,0
0.805899,3.74806,2,0
0.80817,1.58278,2,0
0.81315,3.16288,2,0
0.813541,1.97286,2,0
0.815823,2.03929,2,0
0.816138,2.65947,2,0
0.82077,2.42123,2,0
0.8267,0.866782,2,0
0.827249,3.5931,2,0
0.832037,1.12164,2,0
0.84484,3.58478,2,0
0.84664,1.32379,2,0
0.849069,3.17177,2,0
0.85003,1.08354,2,0
0.855301,1.65187,2,0
0.85896,2.07122,2,0
0.861658,2.66411,2,0
0.864868,2.06548,2,0
0.873764,2.06151,2,0
0.87692,1.94657,2,0
0.878329,1.66342,2,0
0.880277,2.14772,2,0
0.883276,3.27695,2,0
0.885815,0.679599,2,0
0.8883,1.52172,2,0
0.889374,1.63246,2,0
0.893738,1.57029,2,0
0.894019,2.74924,2,0
0.899222,3.10981,2,0
0.899893,3.44291,2,0
0.904816,1.78185,2,0
0.905051,1.74133,2,0
0.914685,0.935196,2,0
0.914832,2.87962,2,0
0.920337,3.06133,2,0
0.920358,0.744388,2,0
0.927945,1.16951,2,0
0.928897,2.93128,2,0
0.935666,0.771277,2,0
0.936316,2.91772,2,0
0.937546,1.87101,2,0
0.939526,1.08411,2,0
0.942346,1.70826,2,0
0.942816,0.824686,2,0
0.943555,0.743381,2,0
0.947763,3.13411,2,0
0.95903,2.35001,2,0
0.964468,2.23154,2,0
0.969147,3.03323,2,0
0.970007,2.38603,2,0
0.975244,0.842645,2,0
0.976566,3.13586,2,0
0.982898,2.07783,2,0
0.984543,2.34487,2,0
0.99072,0.687924,2,0
0.991202,2.76042,2,0
0.995532,2.88862,2,0
0.998541,0.660599,2,0
1.00445,1.24356,2,0
1.00472,1.39355,2,0
1.0076,1.38163,2,0
1.012,1.68658,2,0
1.01415,2.13701,2,0
1.0157,1.95329,2,0
1.01833,3.02343,2,0
1.0253,2.12983,2,0
1.03248,2.27337,2,0
1.03298,2.09495,2,0
1.04094,1.50822,2,0
1.0415,2.66162,2,0
1.04732,1.89004,2,0
1.04994,2.3156,2,0
1.05071,2.3341,2,0
1.05873,0.702997,2,0
1.06756,1.97115,2,0
1.07001,2.20227,2,0
1.07901,1.64438,2,0
1.08072,1.6133,2,0
1.08723,0.819617,2,0
1.08881,1.01573,2,0
1.1019,1.57133,2,0
1.10348,1.3907,2,0
1.10546,1.65791,2,0
1.10825,1.38167,2,0
1.11895,0.623773,2,0
1.12053,1.98232,2,0
1.12459,1.713,2,0
1.13326,2.18414,2,0
1.1349,1.6565,2,0
1.1393,0.62807,2,0
1.14282,1.46203,2,0
1.14289,1.3526,2,0
1.15088,1.19811,2,0
1.1536,1.29912,2,0
1.15682,1.07327,2,0
1.16004,0.876584,2,0
1.16431,1.98877,2,0
1.16605,0.660498,2,0
1.20023,1.41494,2,0
1.20207,1.2861,2,0
1.20428,3.00085,2,0
1.20667,1.01133,2,0
1.21292,0.955606,2,0
1.21349,1.48006,2,0
1.22047,2.25504,2,0
1.22611,2.539,2,0
1.22725,2.4578,2,0
1.23779,1.91052,2,0
1.25273,2.49399,2,0
1.25659,2.56774,2,0
1.25854,0.899713,2,0
1.25884,1.56932,2,0
1.26196,2.5342,2,0
1.26804,2.38039,2,0
1.27589,1.84049,2,0
1.28509,2.24406,2,0
1.28761,1.8837,2,0
1.3054,1.70538,2,0
1.31255,0.76463,2,0
1.31275,1.00854,2,0
1.32272,1.10892,2,0
1.32406,0.801657,2,0
1.33833,0.822101,2,0
1.3394,0.737875,2,0
1.34115,1.11543,2,0
1.34887,2.13859,2,0
1.35357,1.5189,2,0
1.35441,2.06396,2,0
1.35511,0.526254,2,0
1.35548,2.05984,2,0
1.36599,0.573419,2,0
1.37093,1.96829,2,0
1.3768,1.65271,2,0
1.38019,1.53773,2,0
1.38761,0.941943,2,0
1.38855,2.21885,2,0
1.38966,2.58563,2,0
1.39271,0.503729,2,0
1.39966,1.41188,2,0
1.4057,1.81914,2,0
1.41695,1.14054,2,0
1.42346,0.773224,2,0
1.42578,0.995218,2,0
1.44169,2.43138,2,0
1.45082,0.988672,2,0
1.45273,2.53931,2,0
1.4716,2.52303,2,0
1.47674,0.993472,2,0
1.47808,2.28485,2,0
1.47885,1.61497,2,0
1.48332,0.80159,2,0
1.4954,0.631662,2,0
1.49805,1.08794,2,0
1.49919,1.30379,2,0
1.50302,1.07209,2,0
1.50554,0.944595,2,0
1.51021,2.07034,2,0
1.51299,0.451932,2,0
1.51957,1.96436,2,0
1.52004,2.16216,2,0
1.52135,0.873025,2,0
1.52595,0.765033,2,0
1.54048,0.815152,2,0
1.54666,2.12855,2,0
1.55015,0.693094,2,0
1.5565,0.594769,2,0
1.55801,0.450589,2,0
1.5616,1.64455,2,0
1.57174,1.2673,2,0
1.58278,2.19035,2,0
1.59463,1.201,2,0
1.59782,1.39218,2,0
1.60168,1.83304,2,0
1.60282,1.43897,2,0
1.60447,1.77631,2,0
1.60793,1.91267,2,0
1.62253,2.35709,2,0
1.62753,2.49261,2,0
1.62998,0.473517,2,0
1.63132,1.20049,2,0
1.63478,1.93852,2,0
1.63737,1.24175,2,0
1.64082,0.716626,2,0
1.64509,2.15779,2,0
1.64965,2.13913,2,0
1.65569,1.37341,2,0
1.65969,2.54931,2,0
1.66157,1.46029,2,0
1.6661,2.14473,2,0
1.6662,1.90344,2,0
1.66963,2.01646,2,0
1.67708,1.5853,2,0
1.67963,2.07914,2,0
1.68295,2.14282,2,0
1.68621,1.35055,2,0
1.68648,1.86362,2,0
1.69111,1.24293,2,0
1.69396,2.51047,2,0
1.70001,0.937479,2,0
1.70226,1.5515,2,0
1.70588,2.49251,2,0
1.70833,2.53827,2,0
1.71105,0.43038,2,0
1.71612,0.806592,2,0
1.72408,1.6761,2,0
1.72596,1.93103,2,0
1.72767,0.712665,2,0
1.72884,1.86238,2,0
1.73213,1.39701,2,0
1.74378,0.513666,2,0
1.75294,1.64777,2,0
1.75741,1.1486,2,0
1.76134,2.11546,2,0
1.7614,2.11022,2,0
1.76375,1.87997,2,0
1.76772,2.08847,2,0
1.76859,0.760971,2,0
1.76943,2.26001,2,0
1.78631,1.50638,2,0
1.78806,1.58872,2,0
1.79259,0.769464,2,0
1.79659,2.19076,2,0
1.81367,1.60323,2,0
1.81767,0.596548,2,0
1.82545,1.88632,2,0
1.82663,1.44955,2,0
1.84949,0.550088,2,0
1.85708,2.20831,2,0
1.86278,1.35609,2,0
1.86322,0.752545,2,0
1.86859,1.9084,2,0
1.87386,1.99985,2,0
1.87702,2.27324,2,0
1.88514,2.32168,2,0
1.88981,1.14839,2,0
1.89521,2.46012,2,0
1.90045,1.25024,2,0
1.90125,2.01123,2,0
1.90283,1.29912,2,0
1.90444,0.970242,2,0
1.91492,1.51403,2,0
1.91962,1.56613,2,0
1.92422,2.41721,2,0
1.92445,1.79716,2,0
1.94849,0.722333,2,0
1.95107,2.3494,2,0
1.95724,2.75733,2,0
1.9593,2.3015,2,0
1.96559,2.79879,2,0
1.96614,2.11912,2,0
1.96718,1.07726,2,0
1.96772,1.36811,2,0
1.97081,1.55391,2,0
1.97182,2.44622,2,0
1.97897,1.50712,2,0
1.99139,1.21026,2,0
1.9981,2.14561,2,0
2.0028,1.03919,2,0
2.00559,0.544449,2,0
2.00824,1.41198,2,0
2.01467,2.61835,2,0
2.01596,1.83371,2,0
2.01922,2.02385,2,0
2.02435,1.34501,2,0
2.03317,2.50576,2,0
2.03351,3.44956,2,0
2.03817,2.72493,2,0
2.04043,1.7127,2,0
2.04443,1.43316,2,0
2.045,1.84533,2,0
2.05046,2.45937,2,0
2.05168,1.65815,2,0
2.05554,1.32208,2,0
2.05564,2.03288,2,0
2.05668,1.82908,2,0
2.05828,2.56216,2,0
2.07521,1.90619,2,0
2.07587,3.02612,2,0
2.0797,2.79573,2,0
2.08407,1.22581,2,0
2.0883,1.22876,2,0
2.09025,1.04621,2,0
2.09485,1.15766,2,0
2.0997,3.26772,2,0
2.10291,1.26609,2,0
2.10546,1.83727,2,0
2.1182,2.34788,2,0
2.11972,1.50443,2,0
2.12206,3.47987,2,0
2.12439,0.86987,2,0
2.12961,2.59391,2,0
2.13297,2.53503,2,0
2.14959,3.02998,2,0
2.16091,1.50258,2,0
2.17048,0.740057,2,0
2.17357,1.65794,2,0
2.1778,1.00015,2,0
2.18064,3.14821,2,0
2.18611,2.95508,2,0
2.18692,2.37601,2,0
2.18823,2.65474,2,0
2.18921,1.25699,2,0
2.19763,3.25848,2,0
2.19831,1.04171,2,0
2.20721,2.02966,2,0
2.20771,1.05893,2,0
2.21475,2.47098,2,0
2.21479,1.19355,2,0
2.21603,1.29553,2,0
2.2164,1.68916,2,0
2.21924,2.3606,2,0
2.22166,3.48699,2,0
2.22674,1.2872,2,0
2.22889,1.33413,2,0
2.22963,1.29123,2,0
2.23177,2.26275,2,0
2.23799,1.07605,2,0
2.24305,3.31877,2,0
2.24466,3.29709,2,0
2.24967,2.27283,2,0
2.2551,2.93817,2,0
2.26118,1.031,2,0
2.26404,1.81273,2,0
2.27414,1.29298,2,0
2.28475,0.911899,2,0
2.28873,3.65692,2,0
2.29378,2.18257,2,0
2.29612,3.10913,2,0
2.30543,0.993439,2,0
2.30914,3.66454,2,0
2.31277,2.20703,2,0
2.31926,0.78222,2,0
2.32294,2.92188,2,0
2.32405,2.8429,2,0
2.33529,2.23294,2,0
2.33566,3.22095,2,0
2.33831,3.86475,2,0
2.33902,2.94461,2,0
2.3455,3.08691,2,0
2.34554,1.23876,2,0
2.34796,1.03396,2,0
2.34808,3.66367,2,0
2.34991,1.08267,2,0
2.35275,3.23784,2,0
2.35337,0.813138,2,0
2.35651,2.47216,2,0
2.35718,2.87479,2,0
2.36436,3.58582,2,0
2.36933,3.3325,2,0
2.37195,2.82269,2,0
2.37356,3.29142,2,0
2.37417,3.58629,2,0
2.38183,1.67389,2,0
2.38467,2.89798,2,0
2.38851,1.21755,2,0
2.38989,2.10338,2,0
2.39402,1.57597,2,0
2.40223,3.08127,2,0
2.41053,1.13238,2,0
2.41519,3.62828,2,0
2.41687,3.75417,2,0
2.41735,1.18149,2,0
2.42083,2.32781,2,0
2.42571,0.931873,2,0
2.43934,1.20355,2,0
2.44188,2.87633,2,0
2.44414,1.52316,2,0
2.44736,1.74294,2,0
2.44953,2.223,2,0
2.45081,3.20269,2,0
2.45448,1.05487,2,0
2.45475,1.1961,2,0
2.46005,1.00844,2,0
2.46313,3.49649,2,0
2.46658,2.77411,2,0
2.47173,1.24554,2,0
2.47373,3.76095,2,0
2.47581,2.31089,2,0
2.48102,3.69203,2,0
2.48709,2.33257,2,0
2.48978,3.39561,2,0
2.5004,1.15749,2,0
2.51047,1.81579,2,0
2.51322,1.88091,2,0
2.51781,3.04636,2,0
2.52187,3.2467,2,0
2.52342,3.74208,2,0
2.52345,3.40532,2,0
2.52953,3.18681,2,0
2.53956,3.6691,2,0
2.54464,1.29123,2,0
2.54483,2.69264,2,0
2.55793,2.20001,2,0
2.55816,2.70006,2,0
2.5729,2.39636,2,0
2.57338,1.34323,2,0
2.57583,1.34256,2,0
2.57776,2.29243,2,0
2.58174,1.60729,2,0
2.58189,3.86387,2,0
2.59433,1.47959,2,0
2.59468,3.31062,2,0
2.60264,2.2651,2,0
2.60526,2.11263,2,0
2.61664,2.46913,2,0
2.61704,3.18614,2,0
2.62493,3.35134,2,0
2.63433,2.65246,2,0
2.63903,3.74202,2,0
2.63957,3.47303,2,0
2.64725,2.66162,2,0
2.64759,3.23844,2,0
2.66424,3.52261,2,0
2.66494,3.0709,2,0
2.67579,2.6209,2,0
2.6777,2.04922,2,0
2.68032,3.66638,2,0
2.68532,3.36993,2,0
2.68925,2.2363,2,0
2.69049,1.95562,2,0
2.69653,2.69982,2,0
2.69754,3.15969,2,0
2.70331,3.4983,2,0
2.70372,2.77119,2,0
2.70731,3.89932,2,0
2.71493,2.99523,2,0
2.7243,3.8054,2,0
2.72527,3.2375,2,0
2.74017,3.28688,2,0
2.74084,2.09917,2,0
2.74867,3.94991,2,0
2.74927,3.54869,2,0
2.74998,2.15405,2,0
2.75508,2.66713,2,0
2.75568,2.30179,2,0
2.75696,2.88194,2,0
2.75951,2.82849,2,0
2.75991,4.01618,2,0
2.77371,4.02158,2,0
2.77515,2.81238,2,0
2.78271,3.94914,2,0
2.78633,1.92326,2,0
2.79731,3.81167,2,0
2.80698,3.6878,2,0
2.81349,3.0669,2,0
2.82621,2.53416,2,0
2.82964,2.64041,2,0
2.83051,2.84286,2,0
2.8337,2.77129,2,0
2.83403,2.49797,2,0
2.83867,2.58817,2,0
2.84055,3.5785,2,0
2.84071,3.69317,2,0
2.84981,2.05932,2,0
2.85065,3.56816,2,0
2.86243,2.06577,2,0
2.86693,2.26883,2,0
2.86901,2.99486,2,0
2.87485,3.49995,2,0
2.88059,3.95592,2,0
2.88627,3.63496,2,0
2.88751,2.7204,2,0
2.90322,2.94421,2,0
2.90601,2.39283,2,0
2.90795,2.71097,2,0
2.91671,3.03397,2,0
2.94119,3.61912,2,0
2.94216,2.28286,2,0
2.94579,2.91242,2,0
2.94649,2.2787,2,0
2.94753,2.13277,2,0
2.94763,3.53154,2,0
2.95757,2.72272,2,0
2.96462,2.14919,2,0
2.96979,4.09406,2,0
2.97066,3.04579,2,0
2.98385,2.86089,2,0
2.98983,3.38343,2,0
2.99466,2.88422,2,0
2.99822,2.93289,2,0
2.99929,2.39837,2,0
3.00195,2.50653,2,0
3.00497,3.37343,2,0
3.00648,2.22136,2,0
3.00809,3.63386,2,0
3.01608,2.15063,2,0
3.02518,3.84612,2,0
3.03038,2.6823,2,0
3.03166,4.09473,2,0
3.03417,2.04448,2,0
3.03965,2.85609,2,0
3.04468,2.75605,2,0
3.05086,3.84826,2,0
3.0518,2.93541,2,0
3.05515,2.03025,2,0
3.05606,1.90806,2,0
3.06274,3.66843,2,0
3.0717,3.15375,2,0
3.07509,3.26933,2,0
3.07731,2.57166,2,0
3.07949,3.96317,2,0
3.08812,2.13972,2,0
3.0899,3.82836,2,0
3.09047,3.7259,2,0
3.10289,3.90855,2,0
3.10413,3.28467,2,0
3.11195,3.42831,2,0
3.11212,3.45275,2,0
3.11571,2.83145,2,0
3.12092,2.18259,2,0
3.12545,3.44516,2,0
3.13391,3.31287,2,0
3.13901,2.20817,2,0
3.14039,2.14764,2,0
3.14499,2.96784,2,0
3.15479,1.92756,2,0
3.16009,4.02286,2,0
3.1612,3.1376,2,0
3.16224,1.95549,2,0
3.16671,2.75239,2,0
3.16885,3.68233,2,0
3.17802,3.76001,2,0
3.18285,2.27067,2,0
3.19151,3.94481,2,0
3.19423,3.41166,2,0
3.19719,2.46991,2,0
3.20595,2.39548,2,0
3.20719,2.62258,2,0
3.21055,3.86579,2,0
3.21219,3.21948,2,0
3.21652,3.49686,2,0
3.21709,2.00833,2,0
3.22183,2.68942,2,0
3.22337,3.56974,2,0
3.23163,3.12716,2,0
3.2317,2.49774,2,0
3.23482,3.03532,2,0
3.23932,2.92746,2,0
3.24274,3.07342,2,0
3.2469,3.4461,2,0
3.25919,3.11967,2,0
3.26537,2.64954,2,0
3.27346,4.03034,2,0
3.27413,2.37225,2,0
3.28131,4.00087,2,0
3.28262,3.18681,2,0
3.28412,3.60028,2,0
3.28598,2.53053,2,0
3.29951,2.77347,2,0
3.29971,2.00997,2,0
3.32146,1.9853,2,0
3.33005,1.96163,2,0
3.33704,2.68737,2,0
3.33959,2.58881,2,0
3.34247,2.87831,2,0
3.3465,3.6261,2,0
3.35909,3.59122,2,0
3.3693,3.64134,2,0
3.37571,3.04881,2,0
3.37588,3.79532,2,0
3.38188,2.94045,2,0
3.38454,2.37017,2,0
3.39558,2.47749,2,0
3.39958,3.1234,2,0
3.40834,3.85743,2,0
3.40931,2.57253,2,0
3.41693,3.69522,2,0
3.41989,3.33438,2,0
3.4269,3.62761,2,0
3.42757,3.60519,2,0
3.43291,2.56286,2,0
3.43617,2.08074,2,0
3.43805,3.47393,2,0
3.43845,2.52395,2,0
3.43952,3.55671,2,0
3.44117,3.38477,2,0
3.44562,2.62103,2,0
3.45445,1.50715,2,0
3.45601,2.54185,2,0
3.46601,3.01813,2,0
3.46912,1.62971,2,0
3.47021,3.79657,2,0
3.47053,1.14876,2,0
3.47486,1.77235,2,0
3.47903,3.97922,2,0
3.48292,1.53498,2,0
3.49417,3.20356,2,0
3.49443,1.47902,2,0
3.50233,3.86307,2,0
3.50606,3.82295,2,0
3.50747,3.54433,2,0
3.50975,3.23626,2,0
3.52026,3.83823,2,0
3.5213,2.50358,2,0
3.53035,1.85077,2,0
3.53345,2.17295,2,0
3.53912,2.2648,2,0
3.53979,3.49911,2,0
3.54492,1.61645,2,0
3.54648,3.87267,2,0
3.55163,1.67107,2,0
3.55224,1.26414,2,0
3.56362,1.23104,2,0
3.56412,1.68534,2,0
3.56709,2.46041,2,0
3.56893,2.92595,2,0
3.57185,3.33213,2,0
3.57279,3.35855,2,0
3.57537,1.34541,2,0
3.58054,2.03681,2,0
3.58121,1.33719,2,0
3.58644,1.65949,2,0
3.58763,3.92628,2,0
3.58889,2.04178,2,0
3.59327,3.15657,2,0
3.59514,1.48906,2,0
3.59958,3.49307,2,0
3.6027,3.40545,2,0
3.60448,3.38058,2,0
3.60665,1.68534,2,0
3.6181,1.62995,2,0
3.61952,2.80782,2,0
3.62473,2.98338,2,0
3.62622,1.3618,2,0
3.63428,1.42447,2,0
3.63641,3.59008,2,0
3.64107,2.7019,2,0
3.64235,2.91591,2,0
3.64818,1.47761,2,0
3.64821,1.72992,2,0
3.64967,2.35164,2,0
3.65759,3.69817,2,0
3.66054,2.46393,2,0
3.66115,3.32136,2,0
3.66256,2.45161,2,0
3.66386,1.39385,2,0
3.66725,1.7984,2,0
3.66753,2.98869,2,0
3.67263,3.43167,2,0
3.67607,1.86104,2,0
3.67753,2.20813,2,0
3.68433,1.72095,2,0
3.68757,3.04549,2,0
3.68794,2.72416,2,0
3.69156,3.204,2,0
3.69377,1.20509,2,0
3.69716,1.0349,2,0
3.69793,2.00431,2,0
3.69998,1.50084,2,0
3.70256,1.29241,2,0
3.70582,1.31497,2,0
3.70629,1.64223,2,0
3.71149,1.34904,2,0
3.71475,1.63468,2,0
3.71797,1.4481,2,0
3.72036,2.40163,2,0
3.72267,0.902365,2,0
3.72304,1.14933,2,0
3.72433,3.32861,2,0
3.72713,1.50873,2,0
3.72906,3.12599,2,0
3.73765,3.03595,2,0
3.74,3.37792,2,0
3.74348,0.981085,2,0
3.74657,2.14534,2,0
3.74848,1.13003,2,0
3.7552,2.21016,2,0
3.75638,3.09947,2,0
3.7603,2.19398,2,0
3.76216,2.66666,2,0
3.76732,2.21654,2,0
3.76917,2.62822,2,0
3.77451,3.12055,2,0
3.77455,2.97355,2,0
3.77961,2.93595,2,0
3.78,1.30714,2,0
3.78752,1.24971,2,0
3.78987,0.854898,2,0
3.7941,0.839993,2,0
3.79741,3.21857,2,0
3.80043,2.95247,2,0
3.80063,3.58404,2,0
3.81157,3.62033,2,0
3.81335,2.84676,2,0
3.81794,1.36891,2,0
3.81815,2.32328,2,0
3.81906,3.30139,2,0
3.82334,1.1913,2,0
3.82594,2.84481,2,0
3.82668,2.61989,2,0
3.8274,0.808472,2,0
3.82895,2.21932,2,0
3.83084,3.20642,2,0
3.83178,3.2417,2,0
3.83607,0.792056,2,0
3.83993,2.24598,2,0
3.84372,0.88266,2,0
3.84467,2.94444,2,0
3.84594,2.26179,2,0
3.84651,1.38503,2,0
3.85124,1.6661,2,0
3.8554,1.93801,2,0
3.87051,0.862753,2,0
3.87574,2.06678,2,0
3.87776,1.61618,2,0
3.88495,3.16402,2,0
3.8956,3.26399,2,0
3.89647,2.53426,2,0
3.91022,1.52481,2,0
3.91079,2.35209,2,0
3.91616,1.83445,2,0
3.91673,0.886218,2,0
3.92336,2.56259,2,0
3.92556,1.24742,2,0
3.92631,2.73312,2,0
3.9269,1.0692,2,0
3.92873,2.71513,2,0
3.93165,3.34855,2,0
3.93298,1.75147,2,0
3.93779,2.92967,2,0
3.94085,2.8629,2,0
3.94269,2.93441,2,0
3.94447,2.50663,2,0
3.94698,2.15057,2,0
3.94843,2.76945,2,0
3.94976,2.13842,2,0
3.95322,1.76896,2,0
3.95323,2.74581,2,0
3.95683,2.87146,2,0
3.95957,0.946408,2,0
3.96225,0.633005,2,0
3.96235,2.01411,2,0
3.96477,0.642807,2,0
3.96564,1.94701,2,0
3.97461,0.910724,2,0
3.97462,3.07009,2,0
3.97857,0.549786,2,0
3.98062,2.03271,2,0
3.98102,0.958359,2,0
3.98331,2.79868,2,0
3.99052,0.800046,2,0
3.99248,2.88294,2,0
3.99412,3.16315,2,0
3.99747,1.95866,2,0
4.00401,1.8411,2,0
4.00428,0.638745,2,0
4.03184,2.0401,2,0
4.03968,3.31142,2,0
4.04554,2.28801,2,0
4.05071,1.84291,2,0
4.05727,3.27003,2,0
4.06645,1.98128,2,0
4.07988,2.13067,2,0
4.08324,1.02681,2,0
4.08972,1.72602,2,0
4.08985,2.5008,2,0
4.0972,0.841537,2,0
4.09982,0.772217,2,0
4.10687,1.6523,2,0
4.11395,1.8457,2,0
4.11741,0.967322,2,0
4.12268,1.51783,2,0
4.14772,1.908,2,0
4.1492,0.908475,2,0
4.15286,0.927676,2,0
4.15367,1.96671,2,0
4.17753,1.10214,2,0
4.1914,1.43817,2,0
4.19704,1.03987,2,0
4.19912,1.17894,2,0
4.21892,2.30231,2,0
4.22013,0.761072,2,0
4.2255,1.30463,2,0
4.22708,0.9216,2,0
4.23537,2.24903,2,0
4.24091,2.29452,2,0
4.24444,1.79987,2,0
4.2485,1.53203,2,0
4.25303,1.3912,2,0
4.25582,0.532028,2,0
4.2626,2.23963,2,0
4.26401,2.10888,2,0
4.27599,1.24289,2,0
4.28234,0.639181,2,0
4.28687,1.43451,2,0
4.28734,1.65056,2,0
4.29143,0.628909,2,0
4.29543,1.07894,2,0
4.30778,2.38183,2,0
4.30949,0.688394,2,0
4.31255,1.54857,2,0
4.31574,0.566907,2,0
4.32034,2.56217,2,0
4.32856,1.93345,2,0
4.33927,2.22386,2,0
4.34014,1.47425,2,0
4.34142,2.56368,2,0
4.34279,1.04816,2,0
4.36613,1.06726,2,0
4.36918,1.52679,2,0
4.40883,1.02798,2,0
4.41292,0.717029,2,0
4.41893,1.69272,2,0
4.42175,1.65338,2,0
4.42356,0.748987,2,0
4.4289,1.93734,2,0
4.43481,2.26236,2,0
4.43511,1.79279,2,0
4.44673,1.70484,2,0
4.44995,2.13147,2,0
4.45824,0.816562,2,0
4.45891,1.79178,2,0
4.46153,2.05987,2,0
4.46183,0.605948,2,0
4.4709,1.40473,2,0
4.47361,1.25014,2,0
4.4761,0.538373,2,0
4.48127,1.7321,2,0
4.49332,1.80243,2,0
4.49622,0.546753,2,0
4.49876,2.24588,2,0
4.4995,0.443707,2,0
4.50487,0.782623,2,0
4.50544,1.07129,2,0
4.50997,0.972055,2,0
4.52075,2.06396,2,0
4.52148,2.33829,2,0
4.52645,0.711826,2,0
4.52813,2.20489,2,0
4.52917,1.22278,2,0
4.53807,2.07988,2,0
4.54824,0.991257,2,0
4.55129,1.41242,2,0
4.55139,1.78151,2,0
4.55448,2.44384,2,0
4.55596,2.49943,2,0
4.56264,2.14346,2,0
4.5666,0.718304,2,0
4.57204,0.665701,2,0
4.57345,1.19747,2,0
4.57986,2.12405,2,0
4.58355,1.57066,2,0
4.58896,0.938184,2,0
4.58936,2.31785,2,0
4.60178,2.28102,2,0
4.6038,1.43682,2,0
4.60887,1.64374,2,0
4.60934,2.52269,2,0
4.614,1.75916,2,0
4.61434,2.09767,2,0
4.62206,1.61618,2,0
4.62441,0.545993,2,0
4.63586,0.560696,2,0
4.64223,1.91488,2,0
4.64411,0.721091,2,0
4.64801,1.58288,2,0
4.65499,0.765167,2,0
4.65717,1.52588,2,0
4.6655,0.71629,2,0
4.67057,1.31268,2,0
4.68171,2.05735,2,0
4.68591,0.560529,2,0
4.69118,1.12557,2,0
4.69534,1.68869,2,0
4.70578,1.69205,2,0
4.71004,1.58033,2,0
4.71897,1.43968,2,0
4.72149,2.02946,2,0
4.72441,1.97165,2,0
4.72505,1.94708,2,0
4.73123,2.51896,2,0
4.73791,1.24907,2,0
4.74348,1.01664,2,0
4.74637,1.44263,2,0
4.75133,1.85171,2,0
4.75231,1.95577,2,0
4.76537,2.21466,2,0
4.7655,1.48607,2,0
4.77161,2.30036,2,0
4.77215,0.740359,2,0
4.77399,2.22997,2,0
4.77822,0.89827,2,0
4.78108,0.806088,2,0
4.78282,0.923145,2,0
4.78702,1.75499,2,0
4.79286,0.763858,2,0
4.81494,2.93335,2,0
4.82465,1.94204,2,0
4.8278,1.3202,2,0
4.82874,2.3726,2,0
4.83281,1.55579,2,0
4.83576,0.925293,2,0
4.83972,2.33628,2,0
4.83979,2.03459,2,0
4.85144,0.65788,2,0
4.85268,1.47657,2,0
4.8553,1.11795,2,0
4.85745,2.43766,2,0
4.86497,0.884171,2,0
4.87087,1.49923,2,0
4.88091,0.596347,2,0
4.8846,0.681412,2,0
4.89457,2.09757,2,0
4.8981,1.97239,2,0
4.90099,0.627432,2,0
4.90205,3.06086,2,0
4.90535,1.39036,2,0
4.90632,1.44239,2,0
4.9096,3.10088,2,0
4.91096,0.771411,2,0
4.91414,1.17367,2,0
4.91789,2.98419,2,0
4.92622,2.82759,2,0
4.9313,1.33098,2,0
4.93429,1.14648,2,0
4.93924,2.99275,2,0
4.95381,3.03572,2,0
4.95438,3.19719,2,0
4.95606,2.90627,2,0
4.95745,1.80159,2,0
4.96382,3.04247,2,0
4.96681,2.26642,2,0
4.97423,1.34726,2,0
4.97981,1.74156,2,0
4.98058,1.16115,2,0
4.98335,2.91856,2,0
4.98561,1.32426,2,0
4.98756,1.1637,2,0
4.99154,2.76753,2,0
4.99292,2.74729,2,0
4.99387,0.670602,2,0
4.99511,1.18791,2,0
4.99793,2.19213,2,0
4.99809,2.75592,2,0
5.00411,2.02586,2,0
5.00581,2.63027,2,0
5.01414,2.65484,2,0
5.01509,1.85043,2,0
5.02187,1.9793,2,0
5.02589,2.68898,2,0
5.03711,1.23155,2,0
5.03761,2.15031,2,0
5.04151,1.52719,2,0
5.05161,0.947852,2,0
5.05819,0.562241,2,0
5.06068,1.12829,2,0
5.06437,1.78312,2,0
5.06738,3.09339,2,0
5.07342,3.2138,2,0
5.07367,2.02153,2,0
5.0784,0.673825,2,0
5.08037,3.37014,2,0
5.08461,1.62917,2,0
5.08607,2.72285,2,0
5.09383,3.28631,2,0
5.09569,1.09969,2,0
5.10957,2.57213,2,0
5.11293,2.68029,2,0
5.11545,2.79697,2,0
5.11838,1.02872,2,0
5.11968,2.40488,2,0
5.12231,1.5805,2,0
5.12382,2.16957,2,0
5.12402,1.0881,2,0
5.12663,2.49874,2,0
5.12865,1.20889,2,0
5.13543,2.03687,2,0
5.1371,2.82144,2,0
5.14003,1.09489,2,0
5.14052,2.6915,2,0
5.14148,2.21801,2,0
5.14929,2.68841,2,0
5.15339,1.27015,2,0
5.15464,1.71562,2,0
5.15872,3.66978,2,0
5.1589,1.91606,2,0
5.16933,2.45869,2,0
5.16963,3.39461,2,0
5.17085,2.15954,2,0
5.17246,2.03093,2,0
5.17766,0.729852,2,0
5.17877,0.765134,2,0
5.1847,2.96505,2,0
5.18693,1.94751,2,0
5.19158,3.18091,2,0
5.1939,2.58199,2,0
5.19887,2.41072,2,0
5.20133,1.08878,2,0
5.20263,3.74688,2,0
5.20643,1.01318,2,0
5.20882,1.35196,2,0
5.20952,1.09499,2,0
5.21315,1.66953,2,0
5.21573,0.889407,2,0
5.21754,1.54784,2,0
5.21797,2.33788,2,0
5.21926,0.835797,2,0
5.22013,1.04023,2,0
5.22459,1.42316,2,0
5.23443,2.23272,2,0
5.239,1.56737,2,0
5.24127,3.51593,2,0
5.24161,0.762012,2,0
5.24205,1.79524,2,0
5.25286,1.21157,2,0
5.26115,2.1823,2,0
5.26394,1.7934,2,0
5.2675,1.8077,2,0
5.27052,1.92999,2,0
5.27062,0.859061,2,0
5.27873,2.79368,2,0
5.28176,1.59195,2,0
5.28203,0.934894,2,0
5.28468,1.37767,2,0
5.29606,1.44156,2,0
5.30053,1.84304,2,0
5.31223,2.53799,2,0
5.31539,2.715,2,0
5.31743,3.72389,2,0
5.32069,3.67179,2,0
5.32136,2.5727,2,0
5.32247,3.70949,2,0
5.32626,2.48736,2,0
5.32717,3.1089,2,0
5.33346,1.99451,2,0
5.33462,2.78717,2,0
5.33929,2.39874,2,0
5.33939,2.38676,2,0
5.34604,3.48578,2,0
5.34664,2.29773,2,0
5.35171,3.02464,2,0
5.35245,3.21639,2,0
5.35847,1.36881,2,0
5.3597,2.53812,2,0
5.36101,2.94297,2,0
5.36426,3.38917,2,0
5.36931,1.97064,2,0
5.37024,3.81849,2,0
5.37784,0.967389,2,0
5.38009,1.25407,2,0
5.38343,3.63443,2,0
5.3886,2.82537,2,0
5.39489,1.00321,2,0
5.39771,3.86389,2,0
5.40146,3.28581,2,0
5.40478,3.37074,2,0
5.41079,2.99567,2,0
5.4119,3.25113,2,0
5.41462,3.33428,2,0
5.41851,3.06136,2,0
5.43192,2.02761,2,0
5.43358,2.76005,2,0
5.44283,1.94033,2,0
5.44735,2.05556,2,0
5.45906,3.34744,2,0
5.46114,3.41273,2,0
5.46633,1.66899,2,0
5.46843,2.95874,2,0
5.47108,2.63863,2,0
5.47109,1.3671,2,0
5.47213,1.14886,2,0
5.47442,1.60799,2,0
5.48404,3.44503,2,0
5.48485,3.10742,2,0
5.48847,3.24096,2,0
5.49291,1.55888,2,0
5.49839,1.8507,2,0
5.5011,0.50061,2,0
5.50566,3.00675,2,0
5.50579,2.15016,2,0
5.51298,2.11078,2,0
5.51584,1.66721,2,0
5.52926,3.9155,2,0
5.53112,1.16303,2,0
5.53305,2.38363,2,0
5.53444,1.13544,2,0
5.53574,3.36285,2,0
5.53879,3.8343,2,0
5.54775,2.30696,2,0
5.54775,3.00067,2,0
5.55883,3.55215,2,0
5.56595,3.36074,2,0
5.57249,2.92816,2,0
5.5739,3.78582,2,0
5.58455,2.52147,2,0
5.5879,3.87025,2,0
5.59069,1.98671,2,0
5.59223,2.41717,2,0
5.59794,4.00218,2,0
5.60066,2.12246,2,0
5.61086,3.83883,2,0
5.61986,3.66377,2,0
5.62721,2.07392,2,0
5.6352,3.71368,2,0
5.64121,2.64866,2,0
5.64618,2.12643,2,0
5.65964,2.59442,2,0
5.66874,3.95307,2,0
5.67324,2.58246,2,0
5.67565,2.65679,2,0
5.68274,3.97737,2,0
5.68599,2.03646,2,0
5.6914,3.73668,2,0
5.69532,3.02007,2,0
5.70174,4.01718,2,0
5.7062,2.82917,2,0
5.70983,2.20018,2,0
5.71315,2.94448,2,0
5.72493,3.48763,2,0
5.72742,2.93924,2,0
5.72993,3.96764,2,0
5.74293,3.18074,2,0
5.75196,3.69606,2,0
5.75253,2.92296,2,0
5.7632,2.061,2,0
5.76488,2.32522,2,0
5.77005,3.94958,2,0
5.77287,3.42646,2,0
5.77774,2.87928,2,0
5.77938,2.7576,2,0
5.78704,3.68008,2,0
5.78945,3.06016,2,0
5.80043,3.68737,2,0
5.8007,3.04586,2,0
5.80389,3.6405,2,0
5.81413,3.88354,2,0
5.81631,3.84883,2,0
5.81685,3.81919,2,0
5.82433,4.02625,2,0
5.82933,3.72292,2,0
5.83219,3.59609,2,0
5.83457,2.17513,2,0
5.84847,3.84897,2,0
5.86012,3.1853,2,0
5.86505,3.78401,2,0
5.86676,3.41921,2,0
5.87079,4.08268,2,0
5.87791,3.5589,2,0
5.87905,2.42919,2,0
5.87996,2.83705,2,0
5.88069,4.0759,2,0
5.88268,3.88687,2,0
5.88586,2.62543,2,0
5.88657,3.83772,2,0
5.88791,2.20424,2,0
5.89191,2.23747,2,0
5.89432,2.19246,2,0
5.90936,3.63275,2,0
5.91836,3.61187,2,0
5.91933,3.27701,2,0
5.92165,1.99127,2,0
5.92346,4.09057,2,0
5.94713,2.35087,2,0
5.9479,2.97147,2,0
5.95035,2.55665,2,0
5.95106,2.58515,2,0
5.957,3.08936,2,0
5.95733,1.96126,2,0
5.96594,1.75159,2,0
5.96804,3.28521,2,0
5.98076,2.10511,2,0
5.98303,3.91388,2,0
5.99661,3.70324,2,0
6.0004,3.22381,2,0
6.0046,1.92011,2,0
6.01239,3.39968,2,0
6.01477,2.29125,2,0
6.01571,1.95317,2,0
6.02034,2.98687,2,0
6.02108,3.81224,2,0
6.04737,2.31337,2,0
6.04851,3.48753,2,0
6.05791,3.18527,2,0
6.05942,3.32076,2,0
6.06388,1.96026,2,0
6.06418,2.03861,2,0
6.08288,3.85666,2,0
6.08611,2.03995,2,0
6.09235,2.29269,2,0
6.11014,2.21548,2,0
6.11205,3.22569,2,0
6.11373,3.08382,2,0
6.11595,2.27296,2,0
6.14076,3.77602,2,0
6.14999,2.25912,2,0
6.15083,3.99929,2,0
6.15385,3.75192,2,0
6.15412,3.81285,2,0
6.15838,3.57521,2,0
6.16013,4.08473,2,0
6.17057,1.91668,2,0
6.17295,2.19944,2,0
6.1757,2.09897,2,0
6.17768,2.26581,2,0
6.19175,4.0141,2,0
6.19242,4.00963,2,0
6.1945,3.79865,2,0
6.19742,2.54792,2,0
6.20377,2.61842,2,0
6.20682,2.62916,2,0
6.20843,3.73809,2,0
6.21424,3.91513,2,0
6.2226,3.27943,2,0
6.23257,3.14116,2,0
6.23683,2.57797,2,0
6.25093,2.0327,2,0
6.25909,3.97596,2,0
6.25949,3.1368,2,0
6.27158,3.82708,2,0
6.27678,2.86374,2,0
6.28853,2.92867,2,0
6.29279,2.0848,2,0
6.29393,2.62903,2,0
6.30454,1.96012,2,0
6.30817,2.41022,2,0
6.30961,3.05331,2,0
6.31223,3.01269,2,0
6.31653,2.81416,2,0
6.32539,2.78744,2,0
6.32784,3.91382,2,0
6.33093,3.05807,2,0
6.34059,2.754,2,0
6.34724,1.99752,2,0
6.34835,3.76662,2,0
6.35573,2.51882,2,0
6.35684,3.24861,2,0
6.36396,2.38098,2,0
6.3695,3.30233,2,0
6.37356,3.72057,2,0
6.3745,2.1614,2,0
6.38447,2.53728,2,0
6.39397,2.76871,2,0
6.40555,2.88056,2,0
6.41827,2.19081,2,0
6.43026,3.36963,2,0
6.4325,1.30896,2,0
6.44442,3.26077,2,0
6.44516,2.02498,2,0
6.45157,2.31908,2,0
6.45268,3.53113,2,0
6.45483,3.42019,2,0
6.45668,3.90882,2,0
6.46987,3.7964,2,0
6.46997,2.3936,2,0
6.47205,3.28235,2,0
6.48464,3.72506,2,0
6.49857,2.47548,2,0
6.49981,3.78304,2,0
6.50908,2.84823,2,0
6.50941,3.63594,2,0
6.5127,3.2697,2,0
6.51505,2.80275,2,0
6.52905,3.12038,2,0
6.54574,2.50646,2,0
6.55074,2.69845,2,0
6.55232,2.68099,2,0
6.56376,2.29417,2,0
6.57662,2.50277,2,0
6.58427,2.76901,2,0
6.5883,2.77807,2,0
6.59938,3.40149,2,0
6.60049,2.68112,2,0
6.60774,2.29917,2,0
6.61606,3.53248,2,0
6.62187,2.37464,2,0
6.62509,3.82933,2,0
6.63879,2.15016,2,0
6.6397,2.63836,2,0
6.6496,2.35748,2,0
6.65205,3.53254,2,0
6.65977,2.17245,2,0
6.66081,2.6971,2,0
6.6686,2.46984,2,0
6.67035,3.64023,2,0
6.68418,2.27621,2,0
6.68589,2.29655,2,0
6.69472,2.55759,2,0
6.69821,2.22086,2,0
6.70798,3.2656,2,0
6.71355,2.62704,2,0
6.71674,2.32193,2,0
6.71919,3.59414,2,0
6.72191,2.99486,2,0
6.72866,2.66179,2,0
6.7345,2.70341,2,0
6.73627,2.64282,2,0
6.74299,2.55772,2,0
6.74507,3.4412,2,0
6.74913,3.08154,2,0
6.74974,3.57065,2,0
6.75343,2.59196,2,0
6.77448,2.36974,2,0
6.78593,2.51737,2,0
6.78841,3.22162,2,0
6.79808,2.35601,2,0
6.79965,2.42046,2,0
6.8114,3.60918,2,0
6.81694,2.38652,2,0
6.81923,3.2366,2,0
6.82201,2.76401,2,0
6.83051,2.97677,2,0
6.83776,2.45759,2,0
6.84064,3.10255,2,0
6.84967,2.77619,2,0
6.86441,3.35845,2,0
6.8678,2.90829,2,0
6.87824,2.47333,2,0
6.8812,3.42532,2,0
6.886,3.57696,2,0
6.89811,2.67162,2,0
6.90496,3.14029,2,0
6.90761,3.36641,2,0
6.9234,0.885559,2,0
6.92739,3.57595,2,0
6.94454,3.28034,2,0
6.95411,3.00406,2,0
6.96495,3.20712,2,0
6.97015,2.55581,2,0
6.97339,1.53754,2,0
6.97529,3.11766,2,0
6.98224,3.21575,2,0
6.98388,2.90188,2,0
6.98546,2.81638,2,0
6.9892,1.79816,2,0
6.99218,2.53614,2,0
6.99238,3.0527,2,0
7.02343,2.8005,2,0
7.0246,2.62574,2,0
7.03518,2.68485,2,0
7.04652,3.30461,2,0
7.06264,3.06066,2,0
7.0627,3.13901,2,0
7.0769,2.93216,2,0
7.07929,2.84545,2,0
-2.07778,-2.19306,3,0
-2.07046,-1.79576,3,0
-2.04689,-2.17087,3,0
-2.03491,-1.72691,3,0
-2.0149,-1.70318,3,0
-1.99429,-2.18091,3,0
-1.98476,-1.71167,3,0
-1.98382,-1.69056,3,0
-1.96176,-1.52862,3,0
-1.95364,-1.50492,3,0
-1.95273,-2.51526,3,0
-1.95246,-1.59113,3,0
-1.93259,-1.87361,3,0
-1.92406,-2.29212,3,0
-1.89855,-2.03135,3,0
-1.89825,-1.43285,3,0
-1.88529,-1.88852,3,0
-1.8817,-2.51717,3,0
-1.86572,-1.72362,3,0
-1.85988,-1.8052,3,0
-1.8481,-2.53587,3,0
-1.82094,-2.58803,3,0
-1.81597,-2.22196,3,0
-1.8008,-1.64658,3,0
-1.7873,-2.57598,3,0
-1.78475,-1.96314,3,0
-1.77787,-2.10712,3,0
-1.7733,-1.65266,3,0
-1.75635,-2.39713,3,0
-1.75367,-2.25983,3,0
-1.74443,-1.26131,3,0
-1.72439,-2.706,3,0
-1.72265,-2.65074,3,0
-1.7062,-2.30118,3,0
-1.7018,-1.71312,3,0
-1.69237,-1.72812,3,0
-1.68743,-1.52835,3,0
-1.68693,-2.52915,3,0
-1.68653,-2.80959,3,0
-1.68243,-2.00611,3,0
-1.67115,-1.45836,3,0
-1.66961,-2.54654,3,0
-1.65994,-2.649,3,0
-1.65776,-2.13622,3,0
-1.65356,-1.67089,3,0
-1.64655,-2.46,3,0
-1.64154,-1.79838,3,0
-1.63916,-2.81869,3,0
-1.63235,-2.22149,3,0
-1.63077,-2.01004,3,0
-1.61932,-1.3173,3,0
-1.61452,-1.79701,3,0
-1.59502,-2.38883,3,0
-1.59364,-2.76629,3,0
-1.58434,-2.21253,3,0
-1.58354,-1.24633,3,0
-1.57947,-1.69375,3,0
-1.57823,-1.83799,3,0
-1.57011,-2.4746,3,0
-1.56984,-2.88465,3,0
-1.56363,-1.20179,3,0
-1.56329,-2.64376,3,0
-1.54258,-2.54543,3,0
-1.53053,-1.24996,3,0
-1.52365,-1.70966,3,0
-1.5173,-1.35856,3,0
-1.49837,-2.03572,3,0
-1.4982,-2.17946,3,0
-1.49407,-1.18615,3,0
-1.49401,-1.27356,3,0
-1.48575,-1.11243,3,0
-1.4833,-2.36587,3,0
-1.48185,-2.96599,3,0
-1.47799,-2.28917,3,0
-1.47541,-2.50394,3,0
-1.4741,-1.79305,3,0
-1.47299,-1.77972,3,0
-1.46923,-2.42969,3,0
-1.46614,-2.23693,3,0
-1.46363,-1.69563,3,0
-1.4602,-1.33899,3,0
-1.45426,-1.44651,3,0
-1.44651,-2.69935,3,0
-1.44516,-1.67572,3,0
-1.43654,-2.38863,3,0
-1.43593,-1.03559,3,0
-1.42828,-2.78472,3,0
-1.42492,-1.03495,3,0
-1.41673,-1.31858,3,0
-1.41572,-1.64876,3,0
-1.41099,-2.0562,3,0
-1.41099,-1.13468,3,0
-1.40464,-1.00266,3,0
-1.40414,-2.06227,3,0
-1.38736,-2.92131,3,0
-1.38575,-1.7955,3,0
-1.37886,-1.05113,3,0
-1.37413,-1.62231,3,0
-1.37212,-2.52925,3,0
-1.3646,-1.47085,3,0
-1.36121,-2.73232,3,0
-1.35573,-2.21135,3,0
-1.33509,-2.72026,3,0
-1.33452,-2.3941,3,0
-1.32995,-2.6501,3,0
-1.32962,-1.42157,3,0
-1.31794,-1.45433,3,0
-1.31747,-1.17255,3,0
-1.30152,-2.85149,3,0
-1.29249,-1.13891,3,0
-1.28265,-1.6254,3,0
-1.2791,-1.5595,3,0
-1.27017,-1.39508,3,0
-1.2697,-2.17681,3,0
-1.26943,-2.05327,3,0
-1.26674,-1.29763,3,0
-1.25963,-1.393,3,0
-1.25617,-1.59039,3,0
-1.22797,-1.64138,3,0
-1.22535,-0.972845,3,0
-1.22267,-0.939377,3,0
-1.21978,-2.36137,3,0
-1.21575,-2.73527,3,0
-1.21431,-1.85115,3,0
-1.20789,-1.62715,3,0
-1.19416,-1.36923,3,0
-1.18624,-2.22035,3,0
-1.18503,-1.41123,3,0
-1.18131,-1.69002,3,0
-1.18124,-2.11377,3,0
-1.16348,-1.52382,3,0
-1.16187,-1.48716,3,0
-1.16013,-1.92329,3,0
-1.15576,-1.82091,3,0
-1.14911,-1.64631,3,0
-1.14791,-2.32062,3,0
-1.13582,-2.19323,3,0
-1.13377,-2.40052,3,0
-1.12729,-1.61003,3,0
-1.12719,-1.27165,3,0
-1.11843,-2.01628,3,0
-1.11816,-2.75531,3,0
-1.09571,-2.62785,3,0
-1.09571,-2.08694,3,0
-1.09312,-2.92141,3,0
-1.08678,-1.12508,3,0
-1.0805,-2.05274,3,0
-1.06922,-2.26775,3,0
-1.06328,-1.67831,3,0
-1.06264,-2.6917,3,0
-1.05519,-1.48129,3,0
-1.05401,-1.23908,3,0
-1.04401,-2.00248,3,0
-1.04072,-2.85165,3,0
-1.02978,-1.39518,3,0
-1.02696,-1.34033,3,0
-1.02561,-2.76347,3,0
-1.02498,-2.73268,3,0
-1.02135,-1.60099,3,0
-1.02081,-1.34516,3,0
-1.01974,-1.46977,3,0
-1.00809,-2.03192,3,0
-1.00369,-1.94568,3,0
-0.996341,-1.10464,3,0
-0.993488,-3.04763,3,0
-0.987445,-2.33965,3,0
-0.978549,-1.90198,3,0
-0.976804,-1.26188,3,0
-0.961328,-3.05012,3,0
-0.961295,-2.04414,3,0
-0.947095,-0.97486,3,0
-0.941858,-1.98395,3,0
-0.941388,-2.9631,3,0
-0.934875,-2.39323,3,0
-0.932089,-1.80218,3,0
-0.928296,-1.78297,3,0
-0.914935,-1.01544,3,0
-0.909732,-1.0087,3,0
-0.8957,-2.55839,3,0
-0.893182,-2.71254,3,0
-0.890094,-2.5734,3,0
-0.886804,-1.6967,3,0
-0.883615,-1.97888,3,0
-0.882843,-0.916818,3,0
-0.879788,-1.60096,3,0
-0.878244,-1.49911,3,0
-0.868341,-2.90607,3,0
-0.863843,-2.82087,3,0
-0.860352,-1.26507,3,0
-0.859311,-2.52412,3,0
-0.850516,-3.0578,3,0
-0.850281,-2.1428,3,0
-0.846823,-2.67847,3,0
-0.842493,-1.10007,3,0
-0.838028,-1.0606,3,0
-0.837726,-1.36692,3,0
-0.83447,-1.65444,3,0
-0.833228,-1.20481,3,0
-0.82977,-2.78096,3,0
-0.829569,-2.4403,3,0
-0.820941,-1.52798,3,0
-0.816476,-1.2506,3,0
-0.813187,-1.59784,3,0
-0.805231,-2.43163,3,0
-0.800027,-1.40394,3,0
-0.799759,-1.73987,3,0
-0.797443,-1.94162,3,0
-0.795932,-2.20967,3,0
-0.789453,-2.16543,3,0
-0.781061,-2.66031,3,0
-0.766257,-2.35892,3,0
-0.763907,-2.24378,3,0
-0.757025,-3.05384,3,0
-0.755884,-1.36242,3,0
-0.75011,-1.46423,3,0
-0.747021,-2.59391,3,0
-0.746619,-1.3458,3,0
-0.746014,-2.98194,3,0
-0.731915,-1.84961,3,0
-0.731479,-2.57766,3,0
-0.72641,-2.33777,3,0
-0.726309,-1.26537,3,0
-0.717145,-3.00641,3,0
-0.714426,-1.9719,3,0
-0.71033,-1.76646,3,0
-0.707007,-1.16976,3,0
-0.699957,-2.32458,3,0
-0.696198,-1.71996,3,0
-0.685959,-2.69663,3,0
-0.681192,-2.88203,3,0
-0.672028,-2.24438,3,0
-0.669778,-1.79194,3,0
-0.664273,-1.96438,3,0
-0.657761,-2.94572,3,0
-0.652457,-1.65742,3,0
-0.642856,-2.23529,3,0
-0.638492,-2.27117,3,0
-0.638324,-2.24489,3,0
-0.62879,-1.89718,3,0
-0.620734,-2.75991,3,0
-0.616504,-2.20095,3,0
-0.616235,-2.56289,3,0
-0.600928,-2.31552,3,0
-0.595926,-2.62274,3,0
-0.589447,-2.09154,3,0
-0.585721,-2.66548,3,0
-0.578973,-1.06325,3,0
-0.577966,-1.81335,3,0
-0.566217,-2.83393,3,0
-0.565479,-1.82044,3,0
-0.55853,-2.56517,3,0
-0.556348,-1.63218,3,0
-0.549835,-1.19558,3,0
-0.546411,-2.37285,3,0
-0.537079,-2.20548,3,0
-0.528149,-1.99802,3,0
-0.523886,-1.60439,3,0
-0.51442,-1.18037,3,0
-0.51254,-1.79388,3,0
-0.509082,-1.98463,3,0
-0.49834,-2.27611,3,0
-0.494278,-2.9243,3,0
-0.477124,-1.50183,3,0
-0.474002,-2.30797,3,0
-0.457318,-1.15795,3,0
-0.454565,-1.32898,3,0
-0.449832,-1.69422,3,0
-0.446609,-2.82977,3,0
-0.436505,-2.62365,3,0
-0.433282,-1.92722,3,0
-0.429892,-1.60935,3,0
-0.427811,-1.23036,3,0
-0.422473,-1.14925,3,0
-0.416364,-1.22086,3,0
-0.406696,-1.48025,3,0
-0.403171,-2.53147,3,0
-0.396893,-2.48373,3,0
-0.396558,-2.62083,3,0
-0.379874,-2.19789,3,0
-0.377994,-2.57699,3,0
-0.374066,-2.63047,3,0
-0.368024,-1.68358,3,0
-0.349695,-2.68874,3,0
-0.346539,-2.44768,3,0
-0.342242,-1.85441,3,0
-0.340631,-1.45524,3,0
-0.331601,-2.00302,3,0
-0.330862,-2.22468,3,0
-0.308069,-1.56481,3,0
-0.307095,-1.70899,3,0
-0.294037,-1.68532,3,0
-0.276379,-2.23428,3,0
-0.262515,-1.80093,3,0
-0.262112,-2.49981,3,0
-0.250095,-1.35715,3,0
-0.249725,-1.33556,3,0
-0.246201,-2.48947,3,0
-0.23049,-2.34046,3,0
-0.227737,-1.36306,3,0
-0.222266,-1.38571,3,0
-0.192456,-1.58931,3,0
-0.190744,-2.17614,3,0
-0.183392,-2.66615,3,0
-0.182217,-1.70137,3,0
-0.176208,-1.63054,3,0
-0.175293,-1.70313,3,0
-0.162546,-1.31196,3,0
-0.160498,-2.32005,3,0
-0.151099,-1.97053,3,0
-0.148178,-2.36852,3,0
-0.146701,-1.74568,3,0
-0.144452,-2.30619,3,0
-0.137067,-2.195,3,0
-0.135019,-1.7726,3,0
-0.120081,-1.92376,3,0
-0.118167,-1.64766,3,0
-0.112292,-1.53869,3,0
-0.107861,-2.07791,3,0
-0.104572,-1.8629,3,0
-0.102423,-1.47927,3,0
-0.0961792,-2.58427,3,0
-0.0953064,-1.57931,3,0
-0.0869812,-1.58263,3,0
-0.0831207,-1.68002,3,0
-0.0652618,-1.8715,3,0
-0.0590179,-2.40193,3,0
-0.0446503,-1.48045,3,0
-0.0383392,-1.5733,3,0
-0.0181976,-1.64608,3,0
-0.00315857,-1.87563,3,0
0.00164187,-1.85179,3,0
0.0116456,-2.06301,3,0
0.0164795,-2.06643,3,0
0.0175202,-1.81577,3,0
0.086673,-2.09346,3,0